Food group,Food source,Measurement,Food group:Food source,Survey years:Variable,Value,Table,Demographics,ozEquivalent,foodType
Energy ,Total,Calories,Energy:Total,2017-2018-Mean,2093.14,"Table 5-Intakes of food group by food source, U.S. consumers aged 2 and above, 1977-2018",US consumers aged 2 and above,0.0,Other
Energy ,FAH,Calories,Energy:FAH,2017-2018-Mean,1402.55,"Table 5-Intakes of food group by food source, U.S. consumers aged 2 and above, 1977-2018",US consumers aged 2 and above,0.0,Other
Energy ,FAFH,Calories,Energy:FAFH,2017-2018-Mean,690.6,"Table 5-Intakes of food group by food source, U.S. consumers aged 2 and above, 1977-2018",US consumers aged 2 and above,0.0,Other
Energy ,FAFH: Restaurant,Calories,Energy:FAFH: Restaurant,2017-2018-Mean,173.28,"Table 5-Intakes of food group by food source, U.S. consumers aged 2 and above, 1977-2018",US consumers aged 2 and above,0.0,Other
Energy ,FAFH: Fast food,Calories,Energy:FAFH: Fast food,2017-2018-Mean,360.9,"Table 5-Intakes of food group by food source, U.S. consumers aged 2 and above, 1977-2018",US consumers aged 2 and above,0.0,Other
Energy ,FAFH: School,Calories,Energy:FAFH: School,2017-2018-Mean,28.21,"Table 5-Intakes of food group by food source, U.S. consumers aged 2 and above, 1977-2018",US consumers aged 2 and above,0.0,Other
Energy ,FAFH: Others,Calories,Energy:FAFH: Others,2017-2018-Mean,128.2,"Table 5-Intakes of food group by food source, U.S. consumers aged 2 and above, 1977-2018",US consumers aged 2 and above,0.0,Other
Added sugars ,Total,Teaspoons,Added sugars:Total,2017-2018-Mean,16.94,"Table 5-Intakes of food group by food source, U.S. consumers aged 2 and above, 1977-2018",US consumers aged 2 and above,2.8233389800000004,Other
Added sugars ,FAH,Teaspoons,Added sugars:FAH,2017-2018-Mean,12.13,"Table 5-Intakes of food group by food source, U.S. consumers aged 2 and above, 1977-2018",US consumers aged 2 and above,2.0216707100000004,Other
Added sugars ,FAFH,Teaspoons,Added sugars:FAFH,2017-2018-Mean,4.81,"Table 5-Intakes of food group by food source, U.S. consumers aged 2 and above, 1977-2018",US consumers aged 2 and above,0.80166827,Other
Added sugars ,FAFH: Restaurant,Teaspoons,Added sugars:FAFH: Restaurant,2017-2018-Mean,0.85,"Table 5-Intakes of food group by food source, U.S. consumers aged 2 and above, 1977-2018",US consumers aged 2 and above,0.14166695,Other
Added sugars ,FAFH: Fast food,Teaspoons,Added sugars:FAFH: Fast food,2017-2018-Mean,2.53,"Table 5-Intakes of food group by food source, U.S. consumers aged 2 and above, 1977-2018",US consumers aged 2 and above,0.42166750999999997,Other
Added sugars ,FAFH: School,Teaspoons,Added sugars:FAFH: School,2017-2018-Mean,0.17,"Table 5-Intakes of food group by food source, U.S. consumers aged 2 and above, 1977-2018",US consumers aged 2 and above,0.028333390000000003,Other
Added sugars ,FAFH: Others,Teaspoons,Added sugars:FAFH: Others,2017-2018-Mean,1.26,"Table 5-Intakes of food group by food source, U.S. consumers aged 2 and above, 1977-2018",US consumers aged 2 and above,0.21000042000000002,Other
Discretionary fats and oils ,Total,Grams,Discretionary fats and oils:Total,2017-2018-Mean,65.36,"Table 5-Intakes of food group by food source, U.S. consumers aged 2 and above, 1977-2018",US consumers aged 2 and above,2.305467372134039,Other
Discretionary fats and oils ,FAH,Grams,Discretionary fats and oils:FAH,2017-2018-Mean,41.49,"Table 5-Intakes of food group by food source, U.S. consumers aged 2 and above, 1977-2018",US consumers aged 2 and above,1.4634920634920634,Other
Discretionary fats and oils ,FAFH,Grams,Discretionary fats and oils:FAFH,2017-2018-Mean,23.87,"Table 5-Intakes of food group by food source, U.S. consumers aged 2 and above, 1977-2018",US consumers aged 2 and above,0.8419753086419753,Other
Discretionary fats and oils ,FAFH: Restaurant,Grams,Discretionary fats and oils:FAFH: Restaurant,2017-2018-Mean,6.14,"Table 5-Intakes of food group by food source, U.S. consumers aged 2 and above, 1977-2018",US consumers aged 2 and above,0.2165784832451499,Other
Discretionary fats and oils ,FAFH: Fast food,Grams,Discretionary fats and oils:FAFH: Fast food,2017-2018-Mean,12.68,"Table 5-Intakes of food group by food source, U.S. consumers aged 2 and above, 1977-2018",US consumers aged 2 and above,0.44726631393298055,Other
Discretionary fats and oils ,FAFH: School,Grams,Discretionary fats and oils:FAFH: School,2017-2018-Mean,0.74,"Table 5-Intakes of food group by food source, U.S. consumers aged 2 and above, 1977-2018",US consumers aged 2 and above,0.026102292768959433,Other
Discretionary fats and oils ,FAFH: Others,Grams,Discretionary fats and oils:FAFH: Others,2017-2018-Mean,4.31,"Table 5-Intakes of food group by food source, U.S. consumers aged 2 and above, 1977-2018",US consumers aged 2 and above,0.15202821869488534,Other
Discretionary fats ,Total,Grams,Discretionary fats:Total,2017-2018-Mean,36.24,"Table 5-Intakes of food group by food source, U.S. consumers aged 2 and above, 1977-2018",US consumers aged 2 and above,1.2783068783068783,Other
Discretionary fats ,FAH,Grams,Discretionary fats:FAH,2017-2018-Mean,23.92,"Table 5-Intakes of food group by food source, U.S. consumers aged 2 and above, 1977-2018",US consumers aged 2 and above,0.8437389770723104,Other
Discretionary fats ,FAFH,Grams,Discretionary fats:FAFH,2017-2018-Mean,12.32,"Table 5-Intakes of food group by food source, U.S. consumers aged 2 and above, 1977-2018",US consumers aged 2 and above,0.4345679012345679,Other
Discretionary fats ,FAFH: Restaurant,Grams,Discretionary fats:FAFH: Restaurant,2017-2018-Mean,2.64,"Table 5-Intakes of food group by food source, U.S. consumers aged 2 and above, 1977-2018",US consumers aged 2 and above,0.09312169312169312,Other
Discretionary fats ,FAFH: Fast food,Grams,Discretionary fats:FAFH: Fast food,2017-2018-Mean,6.66,"Table 5-Intakes of food group by food source, U.S. consumers aged 2 and above, 1977-2018",US consumers aged 2 and above,0.23492063492063492,Other
Discretionary fats ,FAFH: School,Grams,Discretionary fats:FAFH: School,2017-2018-Mean,0.45,"Table 5-Intakes of food group by food source, U.S. consumers aged 2 and above, 1977-2018",US consumers aged 2 and above,0.015873015873015872,Other
Discretionary fats ,FAFH: Others,Grams,Discretionary fats:FAFH: Others,2017-2018-Mean,2.58,"Table 5-Intakes of food group by food source, U.S. consumers aged 2 and above, 1977-2018",US consumers aged 2 and above,0.091005291005291,Other
Discretionary oils ,Total,Grams,Discretionary oils:Total,2017-2018-Mean,29.12,"Table 5-Intakes of food group by food source, U.S. consumers aged 2 and above, 1977-2018",US consumers aged 2 and above,1.0271604938271606,Other
Discretionary oils ,FAH,Grams,Discretionary oils:FAH,2017-2018-Mean,17.58,"Table 5-Intakes of food group by food source, U.S. consumers aged 2 and above, 1977-2018",US consumers aged 2 and above,0.62010582010582,Other
Discretionary oils ,FAFH,Grams,Discretionary oils:FAFH,2017-2018-Mean,11.55,"Table 5-Intakes of food group by food source, U.S. consumers aged 2 and above, 1977-2018",US consumers aged 2 and above,0.4074074074074074,Other
Discretionary oils ,FAFH: Restaurant,Grams,Discretionary oils:FAFH: Restaurant,2017-2018-Mean,3.5,"Table 5-Intakes of food group by food source, U.S. consumers aged 2 and above, 1977-2018",US consumers aged 2 and above,0.12345679012345678,Other
Discretionary oils ,FAFH: Fast food,Grams,Discretionary oils:FAFH: Fast food,2017-2018-Mean,6.02,"Table 5-Intakes of food group by food source, U.S. consumers aged 2 and above, 1977-2018",US consumers aged 2 and above,0.21234567901234566,Other
Discretionary oils ,FAFH: School,Grams,Discretionary oils:FAFH: School,2017-2018-Mean,0.29,"Table 5-Intakes of food group by food source, U.S. consumers aged 2 and above, 1977-2018",US consumers aged 2 and above,0.010229276895943561,Other
Discretionary oils ,FAFH: Others,Grams,Discretionary oils:FAFH: Others,2017-2018-Mean,1.74,"Table 5-Intakes of food group by food source, U.S. consumers aged 2 and above, 1977-2018",US consumers aged 2 and above,0.061375661375661375,Other
"Dairy, total ",Total,Cups,"Dairy, total:Total",2017-2018-Mean,1.53,"Table 5-Intakes of food group by food source, U.S. consumers aged 2 and above, 1977-2018",US consumers aged 2 and above,12.24,Animal
"Dairy, total ",FAH,Cups,"Dairy, total:FAH",2017-2018-Mean,1.07,"Table 5-Intakes of food group by food source, U.S. consumers aged 2 and above, 1977-2018",US consumers aged 2 and above,8.56,Animal
"Dairy, total ",FAFH,Cups,"Dairy, total:FAFH",2017-2018-Mean,0.47,"Table 5-Intakes of food group by food source, U.S. consumers aged 2 and above, 1977-2018",US consumers aged 2 and above,3.76,Animal
"Dairy, total ",FAFH: Restaurant,Cups,"Dairy, total:FAFH: Restaurant",2017-2018-Mean,0.09,"Table 5-Intakes of food group by food source, U.S. consumers aged 2 and above, 1977-2018",US consumers aged 2 and above,0.72,Animal
"Dairy, total ",FAFH: Fast food,Cups,"Dairy, total:FAFH: Fast food",2017-2018-Mean,0.26,"Table 5-Intakes of food group by food source, U.S. consumers aged 2 and above, 1977-2018",US consumers aged 2 and above,2.08,Animal
"Dairy, total ",FAFH: School,Cups,"Dairy, total:FAFH: School",2017-2018-Mean,0.05,"Table 5-Intakes of food group by food source, U.S. consumers aged 2 and above, 1977-2018",US consumers aged 2 and above,0.4,Animal
"Dairy, total ",FAFH: Others,Cups,"Dairy, total:FAFH: Others",2017-2018-Mean,0.06,"Table 5-Intakes of food group by food source, U.S. consumers aged 2 and above, 1977-2018",US consumers aged 2 and above,0.48,Animal
"Dairy, fluid milk",Total,Cups,"Dairy, fluid milk:Total",2017-2018-Mean,0.69,"Table 5-Intakes of food group by food source, U.S. consumers aged 2 and above, 1977-2018",US consumers aged 2 and above,5.52,Animal
"Dairy, fluid milk",FAH,Cups,"Dairy, fluid milk:FAH",2017-2018-Mean,0.55,"Table 5-Intakes of food group by food source, U.S. consumers aged 2 and above, 1977-2018",US consumers aged 2 and above,4.4,Animal
"Dairy, fluid milk",FAFH,Cups,"Dairy, fluid milk:FAFH",2017-2018-Mean,0.14,"Table 5-Intakes of food group by food source, U.S. consumers aged 2 and above, 1977-2018",US consumers aged 2 and above,1.12,Animal
"Dairy, fluid milk",FAFH: Restaurant,Cups,"Dairy, fluid milk:FAFH: Restaurant",2017-2018-Mean,0.01,"Table 5-Intakes of food group by food source, U.S. consumers aged 2 and above, 1977-2018",US consumers aged 2 and above,0.08,Animal
"Dairy, fluid milk",FAFH: Fast food,Cups,"Dairy, fluid milk:FAFH: Fast food",2017-2018-Mean,0.06,"Table 5-Intakes of food group by food source, U.S. consumers aged 2 and above, 1977-2018",US consumers aged 2 and above,0.48,Animal
"Dairy, fluid milk",FAFH: School,Cups,"Dairy, fluid milk:FAFH: School",2017-2018-Mean,0.04,"Table 5-Intakes of food group by food source, U.S. consumers aged 2 and above, 1977-2018",US consumers aged 2 and above,0.32,Animal
"Dairy, fluid milk",FAFH: Others,Cups,"Dairy, fluid milk:FAFH: Others",2017-2018-Mean,0.02,"Table 5-Intakes of food group by food source, U.S. consumers aged 2 and above, 1977-2018",US consumers aged 2 and above,0.16,Animal
"Dairy, cheese ",Total,Cups,"Dairy, cheese:Total",2017-2018-Mean,0.74,"Table 5-Intakes of food group by food source, U.S. consumers aged 2 and above, 1977-2018",US consumers aged 2 and above,5.92,Animal
"Dairy, cheese ",FAH,Cups,"Dairy, cheese:FAH",2017-2018-Mean,0.43,"Table 5-Intakes of food group by food source, U.S. consumers aged 2 and above, 1977-2018",US consumers aged 2 and above,3.44,Animal
"Dairy, cheese ",FAFH,Cups,"Dairy, cheese:FAFH",2017-2018-Mean,0.32,"Table 5-Intakes of food group by food source, U.S. consumers aged 2 and above, 1977-2018",US consumers aged 2 and above,2.56,Animal
"Dairy, cheese ",FAFH: Restaurant,Cups,"Dairy, cheese:FAFH: Restaurant",2017-2018-Mean,0.07,"Table 5-Intakes of food group by food source, U.S. consumers aged 2 and above, 1977-2018",US consumers aged 2 and above,0.56,Animal
"Dairy, cheese ",FAFH: Fast food,Cups,"Dairy, cheese:FAFH: Fast food",2017-2018-Mean,0.19,"Table 5-Intakes of food group by food source, U.S. consumers aged 2 and above, 1977-2018",US consumers aged 2 and above,1.52,Animal
"Dairy, cheese ",FAFH: School,Cups,"Dairy, cheese:FAFH: School",2017-2018-Mean,0.01,"Table 5-Intakes of food group by food source, U.S. consumers aged 2 and above, 1977-2018",US consumers aged 2 and above,0.08,Animal
"Dairy, cheese ",FAFH: Others,Cups,"Dairy, cheese:FAFH: Others",2017-2018-Mean,0.04,"Table 5-Intakes of food group by food source, U.S. consumers aged 2 and above, 1977-2018",US consumers aged 2 and above,0.32,Animal
"Dairy, yogurt",Total,Cups,"Dairy, yogurt:Total",2017-2018-Mean,0.06,"Table 5-Intakes of food group by food source, U.S. consumers aged 2 and above, 1977-2018",US consumers aged 2 and above,0.48,Animal
"Dairy, yogurt",FAH,Cups,"Dairy, yogurt:FAH",2017-2018-Mean,0.05,"Table 5-Intakes of food group by food source, U.S. consumers aged 2 and above, 1977-2018",US consumers aged 2 and above,0.4,Animal
"Dairy, yogurt",FAFH,Cups,"Dairy, yogurt:FAFH",2017-2018-Mean,0.01,"Table 5-Intakes of food group by food source, U.S. consumers aged 2 and above, 1977-2018",US consumers aged 2 and above,0.08,Animal
"Dairy, yogurt",FAFH: Restaurant,Cups,"Dairy, yogurt:FAFH: Restaurant",2017-2018-Mean,0.0,"Table 5-Intakes of food group by food source, U.S. consumers aged 2 and above, 1977-2018",US consumers aged 2 and above,0.0,Animal
"Dairy, yogurt",FAFH: Fast food,Cups,"Dairy, yogurt:FAFH: Fast food",2017-2018-Mean,0.0,"Table 5-Intakes of food group by food source, U.S. consumers aged 2 and above, 1977-2018",US consumers aged 2 and above,0.0,Animal
"Dairy, yogurt",FAFH: School,Cups,"Dairy, yogurt:FAFH: School",2017-2018-Mean,0.0,"Table 5-Intakes of food group by food source, U.S. consumers aged 2 and above, 1977-2018",US consumers aged 2 and above,0.0,Animal
"Dairy, yogurt",FAFH: Others,Cups,"Dairy, yogurt:FAFH: Others",2017-2018-Mean,0.0,"Table 5-Intakes of food group by food source, U.S. consumers aged 2 and above, 1977-2018",US consumers aged 2 and above,0.0,Animal
"Fruit, total ",Total,Cups,"Fruit, total:Total",2017-2018-Mean,0.93,"Table 5-Intakes of food group by food source, U.S. consumers aged 2 and above, 1977-2018",US consumers aged 2 and above,7.44,Plant
"Fruit, total ",FAH,Cups,"Fruit, total:FAH",2017-2018-Mean,0.8,"Table 5-Intakes of food group by food source, U.S. consumers aged 2 and above, 1977-2018",US consumers aged 2 and above,6.4,Plant
"Fruit, total ",FAFH,Cups,"Fruit, total:FAFH",2017-2018-Mean,0.13,"Table 5-Intakes of food group by food source, U.S. consumers aged 2 and above, 1977-2018",US consumers aged 2 and above,1.04,Plant
"Fruit, total ",FAFH: Restaurant,Cups,"Fruit, total:FAFH: Restaurant",2017-2018-Mean,0.01,"Table 5-Intakes of food group by food source, U.S. consumers aged 2 and above, 1977-2018",US consumers aged 2 and above,0.08,Plant
"Fruit, total ",FAFH: Fast food,Cups,"Fruit, total:FAFH: Fast food",2017-2018-Mean,0.04,"Table 5-Intakes of food group by food source, U.S. consumers aged 2 and above, 1977-2018",US consumers aged 2 and above,0.32,Plant
"Fruit, total ",FAFH: School,Cups,"Fruit, total:FAFH: School",2017-2018-Mean,0.03,"Table 5-Intakes of food group by food source, U.S. consumers aged 2 and above, 1977-2018",US consumers aged 2 and above,0.24,Plant
"Fruit, total ",FAFH: Others,Cups,"Fruit, total:FAFH: Others",2017-2018-Mean,0.05,"Table 5-Intakes of food group by food source, U.S. consumers aged 2 and above, 1977-2018",US consumers aged 2 and above,0.4,Plant
"Fruit, citrus, melon, and berries ",Total,Cups,"Fruit, citrus, melon, and berries:Total",2017-2018-Mean,0.24,"Table 5-Intakes of food group by food source, U.S. consumers aged 2 and above, 1977-2018",US consumers aged 2 and above,1.92,Plant
"Fruit, citrus, melon, and berries ",FAH,Cups,"Fruit, citrus, melon, and berries:FAH",2017-2018-Mean,0.21,"Table 5-Intakes of food group by food source, U.S. consumers aged 2 and above, 1977-2018",US consumers aged 2 and above,1.68,Plant
"Fruit, citrus, melon, and berries ",FAFH,Cups,"Fruit, citrus, melon, and berries:FAFH",2017-2018-Mean,0.03,"Table 5-Intakes of food group by food source, U.S. consumers aged 2 and above, 1977-2018",US consumers aged 2 and above,0.24,Plant
"Fruit, citrus, melon, and berries ",FAFH: Restaurant,Cups,"Fruit, citrus, melon, and berries:FAFH: Restaurant",2017-2018-Mean,0.0,"Table 5-Intakes of food group by food source, U.S. consumers aged 2 and above, 1977-2018",US consumers aged 2 and above,0.0,Plant
"Fruit, citrus, melon, and berries ",FAFH: Fast food,Cups,"Fruit, citrus, melon, and berries:FAFH: Fast food",2017-2018-Mean,0.01,"Table 5-Intakes of food group by food source, U.S. consumers aged 2 and above, 1977-2018",US consumers aged 2 and above,0.08,Plant
"Fruit, citrus, melon, and berries ",FAFH: School,Cups,"Fruit, citrus, melon, and berries:FAFH: School",2017-2018-Mean,0.0,"Table 5-Intakes of food group by food source, U.S. consumers aged 2 and above, 1977-2018",US consumers aged 2 and above,0.0,Plant
"Fruit, citrus, melon, and berries ",FAFH: Others,Cups,"Fruit, citrus, melon, and berries:FAFH: Others",2017-2018-Mean,0.02,"Table 5-Intakes of food group by food source, U.S. consumers aged 2 and above, 1977-2018",US consumers aged 2 and above,0.16,Plant
"Fruit, other",Total,Cups,"Fruit, other:Total",2017-2018-Mean,0.45,"Table 5-Intakes of food group by food source, U.S. consumers aged 2 and above, 1977-2018",US consumers aged 2 and above,3.6,Plant
"Fruit, other",FAH,Cups,"Fruit, other:FAH",2017-2018-Mean,0.4,"Table 5-Intakes of food group by food source, U.S. consumers aged 2 and above, 1977-2018",US consumers aged 2 and above,3.2,Plant
"Fruit, other",FAFH,Cups,"Fruit, other:FAFH",2017-2018-Mean,0.06,"Table 5-Intakes of food group by food source, U.S. consumers aged 2 and above, 1977-2018",US consumers aged 2 and above,0.48,Plant
"Fruit, other",FAFH: Restaurant,Cups,"Fruit, other:FAFH: Restaurant",2017-2018-Mean,0.0,"Table 5-Intakes of food group by food source, U.S. consumers aged 2 and above, 1977-2018",US consumers aged 2 and above,0.0,Plant
"Fruit, other",FAFH: Fast food,Cups,"Fruit, other:FAFH: Fast food",2017-2018-Mean,0.01,"Table 5-Intakes of food group by food source, U.S. consumers aged 2 and above, 1977-2018",US consumers aged 2 and above,0.08,Plant
"Fruit, other",FAFH: School,Cups,"Fruit, other:FAFH: School",2017-2018-Mean,0.02,"Table 5-Intakes of food group by food source, U.S. consumers aged 2 and above, 1977-2018",US consumers aged 2 and above,0.16,Plant
"Fruit, other",FAFH: Others,Cups,"Fruit, other:FAFH: Others",2017-2018-Mean,0.02,"Table 5-Intakes of food group by food source, U.S. consumers aged 2 and above, 1977-2018",US consumers aged 2 and above,0.16,Plant
"Fruit, juice ",Total,Cups,"Fruit, juice:Total",2017-2018-Mean,0.23,"Table 5-Intakes of food group by food source, U.S. consumers aged 2 and above, 1977-2018",US consumers aged 2 and above,1.84,Plant
"Fruit, juice ",FAH,Cups,"Fruit, juice:FAH",2017-2018-Mean,0.19,"Table 5-Intakes of food group by food source, U.S. consumers aged 2 and above, 1977-2018",US consumers aged 2 and above,1.52,Plant
"Fruit, juice ",FAFH,Cups,"Fruit, juice:FAFH",2017-2018-Mean,0.04,"Table 5-Intakes of food group by food source, U.S. consumers aged 2 and above, 1977-2018",US consumers aged 2 and above,0.32,Plant
"Fruit, juice ",FAFH: Restaurant,Cups,"Fruit, juice:FAFH: Restaurant",2017-2018-Mean,0.01,"Table 5-Intakes of food group by food source, U.S. consumers aged 2 and above, 1977-2018",US consumers aged 2 and above,0.08,Plant
"Fruit, juice ",FAFH: Fast food,Cups,"Fruit, juice:FAFH: Fast food",2017-2018-Mean,0.01,"Table 5-Intakes of food group by food source, U.S. consumers aged 2 and above, 1977-2018",US consumers aged 2 and above,0.08,Plant
"Fruit, juice ",FAFH: School,Cups,"Fruit, juice:FAFH: School",2017-2018-Mean,0.01,"Table 5-Intakes of food group by food source, U.S. consumers aged 2 and above, 1977-2018",US consumers aged 2 and above,0.08,Plant
"Fruit, juice ",FAFH: Others,Cups,"Fruit, juice:FAFH: Others",2017-2018-Mean,0.01,"Table 5-Intakes of food group by food source, U.S. consumers aged 2 and above, 1977-2018",US consumers aged 2 and above,0.08,Plant
"Fruit, whole fruit",Total,Cups,"Fruit, whole fruit:Total",2017-2018-Mean,0.7,"Table 5-Intakes of food group by food source, U.S. consumers aged 2 and above, 1977-2018",US consumers aged 2 and above,5.6,Plant
"Fruit, whole fruit",FAH,Cups,"Fruit, whole fruit:FAH",2017-2018-Mean,0.6,"Table 5-Intakes of food group by food source, U.S. consumers aged 2 and above, 1977-2018",US consumers aged 2 and above,4.8,Plant
"Fruit, whole fruit",FAFH,Cups,"Fruit, whole fruit:FAFH",2017-2018-Mean,0.09,"Table 5-Intakes of food group by food source, U.S. consumers aged 2 and above, 1977-2018",US consumers aged 2 and above,0.72,Plant
"Fruit, whole fruit",FAFH: Restaurant,Cups,"Fruit, whole fruit:FAFH: Restaurant",2017-2018-Mean,0.01,"Table 5-Intakes of food group by food source, U.S. consumers aged 2 and above, 1977-2018",US consumers aged 2 and above,0.08,Plant
"Fruit, whole fruit",FAFH: Fast food,Cups,"Fruit, whole fruit:FAFH: Fast food",2017-2018-Mean,0.02,"Table 5-Intakes of food group by food source, U.S. consumers aged 2 and above, 1977-2018",US consumers aged 2 and above,0.16,Plant
"Fruit, whole fruit",FAFH: School,Cups,"Fruit, whole fruit:FAFH: School",2017-2018-Mean,0.02,"Table 5-Intakes of food group by food source, U.S. consumers aged 2 and above, 1977-2018",US consumers aged 2 and above,0.16,Plant
"Fruit, whole fruit",FAFH: Others,Cups,"Fruit, whole fruit:FAFH: Others",2017-2018-Mean,0.04,"Table 5-Intakes of food group by food source, U.S. consumers aged 2 and above, 1977-2018",US consumers aged 2 and above,0.32,Plant
"Vegetable, total",Total,Cups,"Vegetable, total:Total",2017-2018-Mean,1.39,"Table 5-Intakes of food group by food source, U.S. consumers aged 2 and above, 1977-2018",US consumers aged 2 and above,11.12,Plant
"Vegetable, total",FAH,Cups,"Vegetable, total:FAH",2017-2018-Mean,0.9,"Table 5-Intakes of food group by food source, U.S. consumers aged 2 and above, 1977-2018",US consumers aged 2 and above,7.2,Plant
"Vegetable, total",FAFH,Cups,"Vegetable, total:FAFH",2017-2018-Mean,0.49,"Table 5-Intakes of food group by food source, U.S. consumers aged 2 and above, 1977-2018",US consumers aged 2 and above,3.92,Plant
"Vegetable, total",FAFH: Restaurant,Cups,"Vegetable, total:FAFH: Restaurant",2017-2018-Mean,0.17,"Table 5-Intakes of food group by food source, U.S. consumers aged 2 and above, 1977-2018",US consumers aged 2 and above,1.36,Plant
"Vegetable, total",FAFH: Fast food,Cups,"Vegetable, total:FAFH: Fast food",2017-2018-Mean,0.23,"Table 5-Intakes of food group by food source, U.S. consumers aged 2 and above, 1977-2018",US consumers aged 2 and above,1.84,Plant
"Vegetable, total",FAFH: School,Cups,"Vegetable, total:FAFH: School",2017-2018-Mean,0.01,"Table 5-Intakes of food group by food source, U.S. consumers aged 2 and above, 1977-2018",US consumers aged 2 and above,0.08,Plant
"Vegetable, total",FAFH: Others,Cups,"Vegetable, total:FAFH: Others",2017-2018-Mean,0.08,"Table 5-Intakes of food group by food source, U.S. consumers aged 2 and above, 1977-2018",US consumers aged 2 and above,0.64,Plant
"Vegetables, potatoes ",Total,Cups,"Vegetables, potatoes:Total",2017-2018-Mean,0.36,"Table 5-Intakes of food group by food source, U.S. consumers aged 2 and above, 1977-2018",US consumers aged 2 and above,2.88,Plant
"Vegetables, potatoes ",FAH,Cups,"Vegetables, potatoes:FAH",2017-2018-Mean,0.22,"Table 5-Intakes of food group by food source, U.S. consumers aged 2 and above, 1977-2018",US consumers aged 2 and above,1.76,Plant
"Vegetables, potatoes ",FAFH,Cups,"Vegetables, potatoes:FAFH",2017-2018-Mean,0.14,"Table 5-Intakes of food group by food source, U.S. consumers aged 2 and above, 1977-2018",US consumers aged 2 and above,1.12,Plant
"Vegetables, potatoes ",FAFH: Restaurant,Cups,"Vegetables, potatoes:FAFH: Restaurant",2017-2018-Mean,0.04,"Table 5-Intakes of food group by food source, U.S. consumers aged 2 and above, 1977-2018",US consumers aged 2 and above,0.32,Plant
"Vegetables, potatoes ",FAFH: Fast food,Cups,"Vegetables, potatoes:FAFH: Fast food",2017-2018-Mean,0.07,"Table 5-Intakes of food group by food source, U.S. consumers aged 2 and above, 1977-2018",US consumers aged 2 and above,0.56,Plant
"Vegetables, potatoes ",FAFH: School,Cups,"Vegetables, potatoes:FAFH: School",2017-2018-Mean,0.0,"Table 5-Intakes of food group by food source, U.S. consumers aged 2 and above, 1977-2018",US consumers aged 2 and above,0.0,Plant
"Vegetables, potatoes ",FAFH: Others,Cups,"Vegetables, potatoes:FAFH: Others",2017-2018-Mean,0.02,"Table 5-Intakes of food group by food source, U.S. consumers aged 2 and above, 1977-2018",US consumers aged 2 and above,0.16,Plant
"Vegetables, other starchy",Total,Cups,"Vegetables, other starchy:Total",2017-2018-Mean,0.06,"Table 5-Intakes of food group by food source, U.S. consumers aged 2 and above, 1977-2018",US consumers aged 2 and above,0.48,Plant
"Vegetables, other starchy",FAH,Cups,"Vegetables, other starchy:FAH",2017-2018-Mean,0.05,"Table 5-Intakes of food group by food source, U.S. consumers aged 2 and above, 1977-2018",US consumers aged 2 and above,0.4,Plant
"Vegetables, other starchy",FAFH,Cups,"Vegetables, other starchy:FAFH",2017-2018-Mean,0.01,"Table 5-Intakes of food group by food source, U.S. consumers aged 2 and above, 1977-2018",US consumers aged 2 and above,0.08,Plant
"Vegetables, other starchy",FAFH: Restaurant,Cups,"Vegetables, other starchy:FAFH: Restaurant",2017-2018-Mean,0.0,"Table 5-Intakes of food group by food source, U.S. consumers aged 2 and above, 1977-2018",US consumers aged 2 and above,0.0,Plant
"Vegetables, other starchy",FAFH: Fast food,Cups,"Vegetables, other starchy:FAFH: Fast food",2017-2018-Mean,0.0,"Table 5-Intakes of food group by food source, U.S. consumers aged 2 and above, 1977-2018",US consumers aged 2 and above,0.0,Plant
"Vegetables, other starchy",FAFH: School,Cups,"Vegetables, other starchy:FAFH: School",2017-2018-Mean,0.0,"Table 5-Intakes of food group by food source, U.S. consumers aged 2 and above, 1977-2018",US consumers aged 2 and above,0.0,Plant
"Vegetables, other starchy",FAFH: Others,Cups,"Vegetables, other starchy:FAFH: Others",2017-2018-Mean,0.0,"Table 5-Intakes of food group by food source, U.S. consumers aged 2 and above, 1977-2018",US consumers aged 2 and above,0.0,Plant
"Vegetable, tomatoes ",Total,Cups,"Vegetable, tomatoes:Total",2017-2018-Mean,0.26,"Table 5-Intakes of food group by food source, U.S. consumers aged 2 and above, 1977-2018",US consumers aged 2 and above,2.08,Plant
"Vegetable, tomatoes ",FAH,Cups,"Vegetable, tomatoes:FAH",2017-2018-Mean,0.16,"Table 5-Intakes of food group by food source, U.S. consumers aged 2 and above, 1977-2018",US consumers aged 2 and above,1.28,Plant
"Vegetable, tomatoes ",FAFH,Cups,"Vegetable, tomatoes:FAFH",2017-2018-Mean,0.09,"Table 5-Intakes of food group by food source, U.S. consumers aged 2 and above, 1977-2018",US consumers aged 2 and above,0.72,Plant
"Vegetable, tomatoes ",FAFH: Restaurant,Cups,"Vegetable, tomatoes:FAFH: Restaurant",2017-2018-Mean,0.03,"Table 5-Intakes of food group by food source, U.S. consumers aged 2 and above, 1977-2018",US consumers aged 2 and above,0.24,Plant
"Vegetable, tomatoes ",FAFH: Fast food,Cups,"Vegetable, tomatoes:FAFH: Fast food",2017-2018-Mean,0.05,"Table 5-Intakes of food group by food source, U.S. consumers aged 2 and above, 1977-2018",US consumers aged 2 and above,0.4,Plant
"Vegetable, tomatoes ",FAFH: School,Cups,"Vegetable, tomatoes:FAFH: School",2017-2018-Mean,0.0,"Table 5-Intakes of food group by food source, U.S. consumers aged 2 and above, 1977-2018",US consumers aged 2 and above,0.0,Plant
"Vegetable, tomatoes ",FAFH: Others,Cups,"Vegetable, tomatoes:FAFH: Others",2017-2018-Mean,0.01,"Table 5-Intakes of food group by food source, U.S. consumers aged 2 and above, 1977-2018",US consumers aged 2 and above,0.08,Plant
"Vegetable, red and orange ",Total,Cups,"Vegetable, red and orange:Total",2017-2018-Mean,0.09,"Table 5-Intakes of food group by food source, U.S. consumers aged 2 and above, 1977-2018",US consumers aged 2 and above,0.72,Plant
"Vegetable, red and orange ",FAH,Cups,"Vegetable, red and orange:FAH",2017-2018-Mean,0.07,"Table 5-Intakes of food group by food source, U.S. consumers aged 2 and above, 1977-2018",US consumers aged 2 and above,0.56,Plant
"Vegetable, red and orange ",FAFH,Cups,"Vegetable, red and orange:FAFH",2017-2018-Mean,0.03,"Table 5-Intakes of food group by food source, U.S. consumers aged 2 and above, 1977-2018",US consumers aged 2 and above,0.24,Plant
"Vegetable, red and orange ",FAFH: Restaurant,Cups,"Vegetable, red and orange:FAFH: Restaurant",2017-2018-Mean,0.01,"Table 5-Intakes of food group by food source, U.S. consumers aged 2 and above, 1977-2018",US consumers aged 2 and above,0.08,Plant
"Vegetable, red and orange ",FAFH: Fast food,Cups,"Vegetable, red and orange:FAFH: Fast food",2017-2018-Mean,0.01,"Table 5-Intakes of food group by food source, U.S. consumers aged 2 and above, 1977-2018",US consumers aged 2 and above,0.08,Plant
"Vegetable, red and orange ",FAFH: School,Cups,"Vegetable, red and orange:FAFH: School",2017-2018-Mean,0.0,"Table 5-Intakes of food group by food source, U.S. consumers aged 2 and above, 1977-2018",US consumers aged 2 and above,0.0,Plant
"Vegetable, red and orange ",FAFH: Others,Cups,"Vegetable, red and orange:FAFH: Others",2017-2018-Mean,0.01,"Table 5-Intakes of food group by food source, U.S. consumers aged 2 and above, 1977-2018",US consumers aged 2 and above,0.08,Plant
"Vegetable, dark green ",Total,Cups,"Vegetable, dark green:Total",2017-2018-Mean,0.14,"Table 5-Intakes of food group by food source, U.S. consumers aged 2 and above, 1977-2018",US consumers aged 2 and above,1.12,Plant
"Vegetable, dark green ",FAH,Cups,"Vegetable, dark green:FAH",2017-2018-Mean,0.1,"Table 5-Intakes of food group by food source, U.S. consumers aged 2 and above, 1977-2018",US consumers aged 2 and above,0.8,Plant
"Vegetable, dark green ",FAFH,Cups,"Vegetable, dark green:FAFH",2017-2018-Mean,0.04,"Table 5-Intakes of food group by food source, U.S. consumers aged 2 and above, 1977-2018",US consumers aged 2 and above,0.32,Plant
"Vegetable, dark green ",FAFH: Restaurant,Cups,"Vegetable, dark green:FAFH: Restaurant",2017-2018-Mean,0.02,"Table 5-Intakes of food group by food source, U.S. consumers aged 2 and above, 1977-2018",US consumers aged 2 and above,0.16,Plant
"Vegetable, dark green ",FAFH: Fast food,Cups,"Vegetable, dark green:FAFH: Fast food",2017-2018-Mean,0.01,"Table 5-Intakes of food group by food source, U.S. consumers aged 2 and above, 1977-2018",US consumers aged 2 and above,0.08,Plant
"Vegetable, dark green ",FAFH: School,Cups,"Vegetable, dark green:FAFH: School",2017-2018-Mean,0.0,"Table 5-Intakes of food group by food source, U.S. consumers aged 2 and above, 1977-2018",US consumers aged 2 and above,0.0,Plant
"Vegetable, dark green ",FAFH: Others,Cups,"Vegetable, dark green:FAFH: Others",2017-2018-Mean,0.01,"Table 5-Intakes of food group by food source, U.S. consumers aged 2 and above, 1977-2018",US consumers aged 2 and above,0.08,Plant
"Vegetable, others",Total,Cups,"Vegetable, others:Total",2017-2018-Mean,0.48,"Table 5-Intakes of food group by food source, U.S. consumers aged 2 and above, 1977-2018",US consumers aged 2 and above,3.84,Plant
"Vegetable, others",FAH,Cups,"Vegetable, others:FAH",2017-2018-Mean,0.3,"Table 5-Intakes of food group by food source, U.S. consumers aged 2 and above, 1977-2018",US consumers aged 2 and above,2.4,Plant
"Vegetable, others",FAFH,Cups,"Vegetable, others:FAFH",2017-2018-Mean,0.18,"Table 5-Intakes of food group by food source, U.S. consumers aged 2 and above, 1977-2018",US consumers aged 2 and above,1.44,Plant
"Vegetable, others",FAFH: Restaurant,Cups,"Vegetable, others:FAFH: Restaurant",2017-2018-Mean,0.07,"Table 5-Intakes of food group by food source, U.S. consumers aged 2 and above, 1977-2018",US consumers aged 2 and above,0.56,Plant
"Vegetable, others",FAFH: Fast food,Cups,"Vegetable, others:FAFH: Fast food",2017-2018-Mean,0.08,"Table 5-Intakes of food group by food source, U.S. consumers aged 2 and above, 1977-2018",US consumers aged 2 and above,0.64,Plant
"Vegetable, others",FAFH: School,Cups,"Vegetable, others:FAFH: School",2017-2018-Mean,0.0,"Table 5-Intakes of food group by food source, U.S. consumers aged 2 and above, 1977-2018",US consumers aged 2 and above,0.0,Plant
"Vegetable, others",FAFH: Others,Cups,"Vegetable, others:FAFH: Others",2017-2018-Mean,0.03,"Table 5-Intakes of food group by food source, U.S. consumers aged 2 and above, 1977-2018",US consumers aged 2 and above,0.24,Plant
Legumes ,Total,Cups,Legumes:Total,2017-2018-Mean,0.11,"Table 5-Intakes of food group by food source, U.S. consumers aged 2 and above, 1977-2018",US consumers aged 2 and above,0.88,Plant
Legumes ,FAH,Cups,Legumes:FAH,2017-2018-Mean,0.07,"Table 5-Intakes of food group by food source, U.S. consumers aged 2 and above, 1977-2018",US consumers aged 2 and above,0.56,Plant
Legumes ,FAFH,Cups,Legumes:FAFH,2017-2018-Mean,0.03,"Table 5-Intakes of food group by food source, U.S. consumers aged 2 and above, 1977-2018",US consumers aged 2 and above,0.24,Plant
Legumes ,FAFH: Restaurant,Cups,Legumes:FAFH: Restaurant,2017-2018-Mean,0.01,"Table 5-Intakes of food group by food source, U.S. consumers aged 2 and above, 1977-2018",US consumers aged 2 and above,0.08,Plant
Legumes ,FAFH: Fast food,Cups,Legumes:FAFH: Fast food,2017-2018-Mean,0.01,"Table 5-Intakes of food group by food source, U.S. consumers aged 2 and above, 1977-2018",US consumers aged 2 and above,0.08,Plant
Legumes ,FAFH: School,Cups,Legumes:FAFH: School,2017-2018-Mean,0.0,"Table 5-Intakes of food group by food source, U.S. consumers aged 2 and above, 1977-2018",US consumers aged 2 and above,0.0,Plant
Legumes ,FAFH: Others,Cups,Legumes:FAFH: Others,2017-2018-Mean,0.01,"Table 5-Intakes of food group by food source, U.S. consumers aged 2 and above, 1977-2018",US consumers aged 2 and above,0.08,Plant
"Grains, total ",Total,Ounces,"Grains, total:Total",2017-2018-Mean,6.64,"Table 5-Intakes of food group by food source, U.S. consumers aged 2 and above, 1977-2018",US consumers aged 2 and above,6.64,Plant
"Grains, total ",FAH,Ounces,"Grains, total:FAH",2017-2018-Mean,4.28,"Table 5-Intakes of food group by food source, U.S. consumers aged 2 and above, 1977-2018",US consumers aged 2 and above,4.28,Plant
"Grains, total ",FAFH,Ounces,"Grains, total:FAFH",2017-2018-Mean,2.36,"Table 5-Intakes of food group by food source, U.S. consumers aged 2 and above, 1977-2018",US consumers aged 2 and above,2.36,Plant
"Grains, total ",FAFH: Restaurant,Ounces,"Grains, total:FAFH: Restaurant",2017-2018-Mean,0.54,"Table 5-Intakes of food group by food source, U.S. consumers aged 2 and above, 1977-2018",US consumers aged 2 and above,0.54,Plant
"Grains, total ",FAFH: Fast food,Ounces,"Grains, total:FAFH: Fast food",2017-2018-Mean,1.32,"Table 5-Intakes of food group by food source, U.S. consumers aged 2 and above, 1977-2018",US consumers aged 2 and above,1.32,Plant
"Grains, total ",FAFH: School,Ounces,"Grains, total:FAFH: School",2017-2018-Mean,0.11,"Table 5-Intakes of food group by food source, U.S. consumers aged 2 and above, 1977-2018",US consumers aged 2 and above,0.11,Plant
"Grains, total ",FAFH: Others,Ounces,"Grains, total:FAFH: Others",2017-2018-Mean,0.4,"Table 5-Intakes of food group by food source, U.S. consumers aged 2 and above, 1977-2018",US consumers aged 2 and above,0.4,Plant
"Grains, non-whole grains ",Total,Ounces,"Grains, non-whole grains:Total",2017-2018-Mean,5.79,"Table 5-Intakes of food group by food source, U.S. consumers aged 2 and above, 1977-2018",US consumers aged 2 and above,5.79,Plant
"Grains, non-whole grains ",FAH,Ounces,"Grains, non-whole grains:FAH",2017-2018-Mean,3.55,"Table 5-Intakes of food group by food source, U.S. consumers aged 2 and above, 1977-2018",US consumers aged 2 and above,3.55,Plant
"Grains, non-whole grains ",FAFH,Ounces,"Grains, non-whole grains:FAFH",2017-2018-Mean,2.24,"Table 5-Intakes of food group by food source, U.S. consumers aged 2 and above, 1977-2018",US consumers aged 2 and above,2.24,Plant
"Grains, non-whole grains ",FAFH: Restaurant,Ounces,"Grains, non-whole grains:FAFH: Restaurant",2017-2018-Mean,0.52,"Table 5-Intakes of food group by food source, U.S. consumers aged 2 and above, 1977-2018",US consumers aged 2 and above,0.52,Plant
"Grains, non-whole grains ",FAFH: Fast food,Ounces,"Grains, non-whole grains:FAFH: Fast food",2017-2018-Mean,1.28,"Table 5-Intakes of food group by food source, U.S. consumers aged 2 and above, 1977-2018",US consumers aged 2 and above,1.28,Plant
"Grains, non-whole grains ",FAFH: School,Ounces,"Grains, non-whole grains:FAFH: School",2017-2018-Mean,0.08,"Table 5-Intakes of food group by food source, U.S. consumers aged 2 and above, 1977-2018",US consumers aged 2 and above,0.08,Plant
"Grains, non-whole grains ",FAFH: Others,Ounces,"Grains, non-whole grains:FAFH: Others",2017-2018-Mean,0.37,"Table 5-Intakes of food group by food source, U.S. consumers aged 2 and above, 1977-2018",US consumers aged 2 and above,0.37,Plant
"Grains, whole grains ",Total,Ounces,"Grains, whole grains:Total",2017-2018-Mean,0.84,"Table 5-Intakes of food group by food source, U.S. consumers aged 2 and above, 1977-2018",US consumers aged 2 and above,0.84,Plant
"Grains, whole grains ",FAH,Ounces,"Grains, whole grains:FAH",2017-2018-Mean,0.73,"Table 5-Intakes of food group by food source, U.S. consumers aged 2 and above, 1977-2018",US consumers aged 2 and above,0.73,Plant
"Grains, whole grains ",FAFH,Ounces,"Grains, whole grains:FAFH",2017-2018-Mean,0.12,"Table 5-Intakes of food group by food source, U.S. consumers aged 2 and above, 1977-2018",US consumers aged 2 and above,0.12,Plant
"Grains, whole grains ",FAFH: Restaurant,Ounces,"Grains, whole grains:FAFH: Restaurant",2017-2018-Mean,0.02,"Table 5-Intakes of food group by food source, U.S. consumers aged 2 and above, 1977-2018",US consumers aged 2 and above,0.02,Plant
"Grains, whole grains ",FAFH: Fast food,Ounces,"Grains, whole grains:FAFH: Fast food",2017-2018-Mean,0.04,"Table 5-Intakes of food group by food source, U.S. consumers aged 2 and above, 1977-2018",US consumers aged 2 and above,0.04,Plant
"Grains, whole grains ",FAFH: School,Ounces,"Grains, whole grains:FAFH: School",2017-2018-Mean,0.03,"Table 5-Intakes of food group by food source, U.S. consumers aged 2 and above, 1977-2018",US consumers aged 2 and above,0.03,Plant
"Grains, whole grains ",FAFH: Others,Ounces,"Grains, whole grains:FAFH: Others",2017-2018-Mean,0.02,"Table 5-Intakes of food group by food source, U.S. consumers aged 2 and above, 1977-2018",US consumers aged 2 and above,0.02,Plant
"Protein foods, total ",Total,Ounces,"Protein foods, total:Total",2017-2018-Mean,5.84,"Table 5-Intakes of food group by food source, U.S. consumers aged 2 and above, 1977-2018",US consumers aged 2 and above,5.84,Other
"Protein foods, total ",FAH,Ounces,"Protein foods, total:FAH",2017-2018-Mean,3.8,"Table 5-Intakes of food group by food source, U.S. consumers aged 2 and above, 1977-2018",US consumers aged 2 and above,3.8,Other
"Protein foods, total ",FAFH,Ounces,"Protein foods, total:FAFH",2017-2018-Mean,2.04,"Table 5-Intakes of food group by food source, U.S. consumers aged 2 and above, 1977-2018",US consumers aged 2 and above,2.04,Other
"Protein foods, total ",FAFH: Restaurant,Ounces,"Protein foods, total:FAFH: Restaurant",2017-2018-Mean,0.67,"Table 5-Intakes of food group by food source, U.S. consumers aged 2 and above, 1977-2018",US consumers aged 2 and above,0.67,Other
"Protein foods, total ",FAFH: Fast food,Ounces,"Protein foods, total:FAFH: Fast food",2017-2018-Mean,0.97,"Table 5-Intakes of food group by food source, U.S. consumers aged 2 and above, 1977-2018",US consumers aged 2 and above,0.97,Other
"Protein foods, total ",FAFH: School,Ounces,"Protein foods, total:FAFH: School",2017-2018-Mean,0.04,"Table 5-Intakes of food group by food source, U.S. consumers aged 2 and above, 1977-2018",US consumers aged 2 and above,0.04,Other
"Protein foods, total ",FAFH: Others,Ounces,"Protein foods, total:FAFH: Others",2017-2018-Mean,0.35,"Table 5-Intakes of food group by food source, U.S. consumers aged 2 and above, 1977-2018",US consumers aged 2 and above,0.35,Other
"Protein foods, meats, poultry, and fish ",Total,Ounces,"Protein foods, meats, poultry, and fish:Total",2017-2018-Mean,4.47,"Table 5-Intakes of food group by food source, U.S. consumers aged 2 and above, 1977-2018",US consumers aged 2 and above,4.47,Animal
"Protein foods, meats, poultry, and fish ",FAH,Ounces,"Protein foods, meats, poultry, and fish:FAH",2017-2018-Mean,2.69,"Table 5-Intakes of food group by food source, U.S. consumers aged 2 and above, 1977-2018",US consumers aged 2 and above,2.69,Animal
"Protein foods, meats, poultry, and fish ",FAFH,Ounces,"Protein foods, meats, poultry, and fish:FAFH",2017-2018-Mean,1.78,"Table 5-Intakes of food group by food source, U.S. consumers aged 2 and above, 1977-2018",US consumers aged 2 and above,1.78,Animal
"Protein foods, meats, poultry, and fish ",FAFH: Restaurant,Ounces,"Protein foods, meats, poultry, and fish:FAFH: Restaurant",2017-2018-Mean,0.59,"Table 5-Intakes of food group by food source, U.S. consumers aged 2 and above, 1977-2018",US consumers aged 2 and above,0.59,Animal
"Protein foods, meats, poultry, and fish ",FAFH: Fast food,Ounces,"Protein foods, meats, poultry, and fish:FAFH: Fast food",2017-2018-Mean,0.89,"Table 5-Intakes of food group by food source, U.S. consumers aged 2 and above, 1977-2018",US consumers aged 2 and above,0.89,Animal
"Protein foods, meats, poultry, and fish ",FAFH: School,Ounces,"Protein foods, meats, poultry, and fish:FAFH: School",2017-2018-Mean,0.04,"Table 5-Intakes of food group by food source, U.S. consumers aged 2 and above, 1977-2018",US consumers aged 2 and above,0.04,Animal
"Protein foods, meats, poultry, and fish ",FAFH: Others,Ounces,"Protein foods, meats, poultry, and fish:FAFH: Others",2017-2018-Mean,0.26,"Table 5-Intakes of food group by food source, U.S. consumers aged 2 and above, 1977-2018",US consumers aged 2 and above,0.26,Animal
"Protein foods, meats (beef, veal, pork, lamb, game)",Total,Ounces,"Protein foods, meats (beef, veal, pork, lamb, game):Total",2017-2018-Mean,1.45,"Table 5-Intakes of food group by food source, U.S. consumers aged 2 and above, 1977-2018",US consumers aged 2 and above,1.45,Animal
"Protein foods, meats (beef, veal, pork, lamb, game)",FAH,Ounces,"Protein foods, meats (beef, veal, pork, lamb, game):FAH",2017-2018-Mean,0.87,"Table 5-Intakes of food group by food source, U.S. consumers aged 2 and above, 1977-2018",US consumers aged 2 and above,0.87,Animal
"Protein foods, meats (beef, veal, pork, lamb, game)",FAFH,Ounces,"Protein foods, meats (beef, veal, pork, lamb, game):FAFH",2017-2018-Mean,0.58,"Table 5-Intakes of food group by food source, U.S. consumers aged 2 and above, 1977-2018",US consumers aged 2 and above,0.58,Animal
"Protein foods, meats (beef, veal, pork, lamb, game)",FAFH: Restaurant,Ounces,"Protein foods, meats (beef, veal, pork, lamb, game):FAFH: Restaurant",2017-2018-Mean,0.2,"Table 5-Intakes of food group by food source, U.S. consumers aged 2 and above, 1977-2018",US consumers aged 2 and above,0.2,Animal
"Protein foods, meats (beef, veal, pork, lamb, game)",FAFH: Fast food,Ounces,"Protein foods, meats (beef, veal, pork, lamb, game):FAFH: Fast food",2017-2018-Mean,0.28,"Table 5-Intakes of food group by food source, U.S. consumers aged 2 and above, 1977-2018",US consumers aged 2 and above,0.28,Animal
"Protein foods, meats (beef, veal, pork, lamb, game)",FAFH: School,Ounces,"Protein foods, meats (beef, veal, pork, lamb, game):FAFH: School",2017-2018-Mean,0.01,"Table 5-Intakes of food group by food source, U.S. consumers aged 2 and above, 1977-2018",US consumers aged 2 and above,0.01,Animal
"Protein foods, meats (beef, veal, pork, lamb, game)",FAFH: Others,Ounces,"Protein foods, meats (beef, veal, pork, lamb, game):FAFH: Others",2017-2018-Mean,0.09,"Table 5-Intakes of food group by food source, U.S. consumers aged 2 and above, 1977-2018",US consumers aged 2 and above,0.09,Animal
"Protein foods, poultry ",Total,Ounces,"Protein foods, poultry:Total",2017-2018-Mean,1.56,"Table 5-Intakes of food group by food source, U.S. consumers aged 2 and above, 1977-2018",US consumers aged 2 and above,1.56,Animal
"Protein foods, poultry ",FAH,Ounces,"Protein foods, poultry:FAH",2017-2018-Mean,0.81,"Table 5-Intakes of food group by food source, U.S. consumers aged 2 and above, 1977-2018",US consumers aged 2 and above,0.81,Animal
"Protein foods, poultry ",FAFH,Ounces,"Protein foods, poultry:FAFH",2017-2018-Mean,0.74,"Table 5-Intakes of food group by food source, U.S. consumers aged 2 and above, 1977-2018",US consumers aged 2 and above,0.74,Animal
"Protein foods, poultry ",FAFH: Restaurant,Ounces,"Protein foods, poultry:FAFH: Restaurant",2017-2018-Mean,0.22,"Table 5-Intakes of food group by food source, U.S. consumers aged 2 and above, 1977-2018",US consumers aged 2 and above,0.22,Animal
"Protein foods, poultry ",FAFH: Fast food,Ounces,"Protein foods, poultry:FAFH: Fast food",2017-2018-Mean,0.42,"Table 5-Intakes of food group by food source, U.S. consumers aged 2 and above, 1977-2018",US consumers aged 2 and above,0.42,Animal
"Protein foods, poultry ",FAFH: School,Ounces,"Protein foods, poultry:FAFH: School",2017-2018-Mean,0.02,"Table 5-Intakes of food group by food source, U.S. consumers aged 2 and above, 1977-2018",US consumers aged 2 and above,0.02,Animal
"Protein foods, poultry ",FAFH: Others,Ounces,"Protein foods, poultry:FAFH: Others",2017-2018-Mean,0.09,"Table 5-Intakes of food group by food source, U.S. consumers aged 2 and above, 1977-2018",US consumers aged 2 and above,0.09,Animal
"Protein foods, high Omega-3 fatty fish ",Total,Ounces,"Protein foods, high Omega-3 fatty fish:Total",2017-2018-Mean,0.12,"Table 5-Intakes of food group by food source, U.S. consumers aged 2 and above, 1977-2018",US consumers aged 2 and above,0.12,Animal
"Protein foods, high Omega-3 fatty fish ",FAH,Ounces,"Protein foods, high Omega-3 fatty fish:FAH",2017-2018-Mean,0.1,"Table 5-Intakes of food group by food source, U.S. consumers aged 2 and above, 1977-2018",US consumers aged 2 and above,0.1,Animal
"Protein foods, high Omega-3 fatty fish ",FAFH,Ounces,"Protein foods, high Omega-3 fatty fish:FAFH",2017-2018-Mean,0.03,"Table 5-Intakes of food group by food source, U.S. consumers aged 2 and above, 1977-2018",US consumers aged 2 and above,0.03,Animal
"Protein foods, high Omega-3 fatty fish ",FAFH: Restaurant,Ounces,"Protein foods, high Omega-3 fatty fish:FAFH: Restaurant",2017-2018-Mean,0.02,"Table 5-Intakes of food group by food source, U.S. consumers aged 2 and above, 1977-2018",US consumers aged 2 and above,0.02,Animal
"Protein foods, high Omega-3 fatty fish ",FAFH: Fast food,Ounces,"Protein foods, high Omega-3 fatty fish:FAFH: Fast food",2017-2018-Mean,0.0,"Table 5-Intakes of food group by food source, U.S. consumers aged 2 and above, 1977-2018",US consumers aged 2 and above,0.0,Animal
"Protein foods, high Omega-3 fatty fish ",FAFH: School,Ounces,"Protein foods, high Omega-3 fatty fish:FAFH: School",2017-2018-Mean,0.0,"Table 5-Intakes of food group by food source, U.S. consumers aged 2 and above, 1977-2018",US consumers aged 2 and above,0.0,Animal
"Protein foods, high Omega-3 fatty fish ",FAFH: Others,Ounces,"Protein foods, high Omega-3 fatty fish:FAFH: Others",2017-2018-Mean,0.0,"Table 5-Intakes of food group by food source, U.S. consumers aged 2 and above, 1977-2018",US consumers aged 2 and above,0.0,Animal
"Protein foods, low Omega-3 fatty fish",Total,Ounces,"Protein foods, low Omega-3 fatty fish:Total",2017-2018-Mean,0.4,"Table 5-Intakes of food group by food source, U.S. consumers aged 2 and above, 1977-2018",US consumers aged 2 and above,0.4,Animal
"Protein foods, low Omega-3 fatty fish",FAH,Ounces,"Protein foods, low Omega-3 fatty fish:FAH",2017-2018-Mean,0.23,"Table 5-Intakes of food group by food source, U.S. consumers aged 2 and above, 1977-2018",US consumers aged 2 and above,0.23,Animal
"Protein foods, low Omega-3 fatty fish",FAFH,Ounces,"Protein foods, low Omega-3 fatty fish:FAFH",2017-2018-Mean,0.17,"Table 5-Intakes of food group by food source, U.S. consumers aged 2 and above, 1977-2018",US consumers aged 2 and above,0.17,Animal
"Protein foods, low Omega-3 fatty fish",FAFH: Restaurant,Ounces,"Protein foods, low Omega-3 fatty fish:FAFH: Restaurant",2017-2018-Mean,0.1,"Table 5-Intakes of food group by food source, U.S. consumers aged 2 and above, 1977-2018",US consumers aged 2 and above,0.1,Animal
"Protein foods, low Omega-3 fatty fish",FAFH: Fast food,Ounces,"Protein foods, low Omega-3 fatty fish:FAFH: Fast food",2017-2018-Mean,0.05,"Table 5-Intakes of food group by food source, U.S. consumers aged 2 and above, 1977-2018",US consumers aged 2 and above,0.05,Animal
"Protein foods, low Omega-3 fatty fish",FAFH: School,Ounces,"Protein foods, low Omega-3 fatty fish:FAFH: School",2017-2018-Mean,0.0,"Table 5-Intakes of food group by food source, U.S. consumers aged 2 and above, 1977-2018",US consumers aged 2 and above,0.0,Animal
"Protein foods, low Omega-3 fatty fish",FAFH: Others,Ounces,"Protein foods, low Omega-3 fatty fish:FAFH: Others",2017-2018-Mean,0.02,"Table 5-Intakes of food group by food source, U.S. consumers aged 2 and above, 1977-2018",US consumers aged 2 and above,0.02,Animal
"Protein foods, cured meat",Total,Ounces,"Protein foods, cured meat:Total",2017-2018-Mean,0.92,"Table 5-Intakes of food group by food source, U.S. consumers aged 2 and above, 1977-2018",US consumers aged 2 and above,0.92,Animal
"Protein foods, cured meat",FAH,Ounces,"Protein foods, cured meat:FAH",2017-2018-Mean,0.67,"Table 5-Intakes of food group by food source, U.S. consumers aged 2 and above, 1977-2018",US consumers aged 2 and above,0.67,Animal
"Protein foods, cured meat",FAFH,Ounces,"Protein foods, cured meat:FAFH",2017-2018-Mean,0.25,"Table 5-Intakes of food group by food source, U.S. consumers aged 2 and above, 1977-2018",US consumers aged 2 and above,0.25,Animal
"Protein foods, cured meat",FAFH: Restaurant,Ounces,"Protein foods, cured meat:FAFH: Restaurant",2017-2018-Mean,0.04,"Table 5-Intakes of food group by food source, U.S. consumers aged 2 and above, 1977-2018",US consumers aged 2 and above,0.04,Animal
"Protein foods, cured meat",FAFH: Fast food,Ounces,"Protein foods, cured meat:FAFH: Fast food",2017-2018-Mean,0.14,"Table 5-Intakes of food group by food source, U.S. consumers aged 2 and above, 1977-2018",US consumers aged 2 and above,0.14,Animal
"Protein foods, cured meat",FAFH: School,Ounces,"Protein foods, cured meat:FAFH: School",2017-2018-Mean,0.01,"Table 5-Intakes of food group by food source, U.S. consumers aged 2 and above, 1977-2018",US consumers aged 2 and above,0.01,Animal
"Protein foods, cured meat",FAFH: Others,Ounces,"Protein foods, cured meat:FAFH: Others",2017-2018-Mean,0.07,"Table 5-Intakes of food group by food source, U.S. consumers aged 2 and above, 1977-2018",US consumers aged 2 and above,0.07,Animal
"Protein foods, organ meats ",Total,Ounces,"Protein foods, organ meats:Total",2017-2018-Mean,0.01,"Table 5-Intakes of food group by food source, U.S. consumers aged 2 and above, 1977-2018",US consumers aged 2 and above,0.01,Animal
"Protein foods, organ meats ",FAH,Ounces,"Protein foods, organ meats:FAH",2017-2018-Mean,0.0,"Table 5-Intakes of food group by food source, U.S. consumers aged 2 and above, 1977-2018",US consumers aged 2 and above,0.0,Animal
"Protein foods, organ meats ",FAFH,Ounces,"Protein foods, organ meats:FAFH",2017-2018-Mean,0.01,"Table 5-Intakes of food group by food source, U.S. consumers aged 2 and above, 1977-2018",US consumers aged 2 and above,0.01,Animal
"Protein foods, organ meats ",FAFH: Restaurant,Ounces,"Protein foods, organ meats:FAFH: Restaurant",2017-2018-Mean,0.01,"Table 5-Intakes of food group by food source, U.S. consumers aged 2 and above, 1977-2018",US consumers aged 2 and above,0.01,Animal
"Protein foods, organ meats ",FAFH: Fast food,Ounces,"Protein foods, organ meats:FAFH: Fast food",2017-2018-Mean,0.0,"Table 5-Intakes of food group by food source, U.S. consumers aged 2 and above, 1977-2018",US consumers aged 2 and above,0.0,Animal
"Protein foods, organ meats ",FAFH: School,Ounces,"Protein foods, organ meats:FAFH: School",2017-2018-Mean,0.0,"Table 5-Intakes of food group by food source, U.S. consumers aged 2 and above, 1977-2018",US consumers aged 2 and above,0.0,Animal
"Protein foods, organ meats ",FAFH: Others,Ounces,"Protein foods, organ meats:FAFH: Others",2017-2018-Mean,0.0,"Table 5-Intakes of food group by food source, U.S. consumers aged 2 and above, 1977-2018",US consumers aged 2 and above,0.0,Animal
"Protein foods, eggs",Total,Ounces,"Protein foods, eggs:Total",2017-2018-Mean,0.57,"Table 5-Intakes of food group by food source, U.S. consumers aged 2 and above, 1977-2018",US consumers aged 2 and above,0.57,Animal
"Protein foods, eggs",FAH,Ounces,"Protein foods, eggs:FAH",2017-2018-Mean,0.42,"Table 5-Intakes of food group by food source, U.S. consumers aged 2 and above, 1977-2018",US consumers aged 2 and above,0.42,Animal
"Protein foods, eggs",FAFH,Ounces,"Protein foods, eggs:FAFH",2017-2018-Mean,0.15,"Table 5-Intakes of food group by food source, U.S. consumers aged 2 and above, 1977-2018",US consumers aged 2 and above,0.15,Animal
"Protein foods, eggs",FAFH: Restaurant,Ounces,"Protein foods, eggs:FAFH: Restaurant",2017-2018-Mean,0.06,"Table 5-Intakes of food group by food source, U.S. consumers aged 2 and above, 1977-2018",US consumers aged 2 and above,0.06,Animal
"Protein foods, eggs",FAFH: Fast food,Ounces,"Protein foods, eggs:FAFH: Fast food",2017-2018-Mean,0.06,"Table 5-Intakes of food group by food source, U.S. consumers aged 2 and above, 1977-2018",US consumers aged 2 and above,0.06,Animal
"Protein foods, eggs",FAFH: School,Ounces,"Protein foods, eggs:FAFH: School",2017-2018-Mean,0.0,"Table 5-Intakes of food group by food source, U.S. consumers aged 2 and above, 1977-2018",US consumers aged 2 and above,0.0,Animal
"Protein foods, eggs",FAFH: Others,Ounces,"Protein foods, eggs:FAFH: Others",2017-2018-Mean,0.03,"Table 5-Intakes of food group by food source, U.S. consumers aged 2 and above, 1977-2018",US consumers aged 2 and above,0.03,Animal
"Protein foods, soy products",Total,Ounces,"Protein foods, soy products:Total",2017-2018-Mean,0.09,"Table 5-Intakes of food group by food source, U.S. consumers aged 2 and above, 1977-2018",US consumers aged 2 and above,0.09,Plant
"Protein foods, soy products",FAH,Ounces,"Protein foods, soy products:FAH",2017-2018-Mean,0.07,"Table 5-Intakes of food group by food source, U.S. consumers aged 2 and above, 1977-2018",US consumers aged 2 and above,0.07,Plant
"Protein foods, soy products",FAFH,Ounces,"Protein foods, soy products:FAFH",2017-2018-Mean,0.01,"Table 5-Intakes of food group by food source, U.S. consumers aged 2 and above, 1977-2018",US consumers aged 2 and above,0.01,Plant
"Protein foods, soy products",FAFH: Restaurant,Ounces,"Protein foods, soy products:FAFH: Restaurant",2017-2018-Mean,0.0,"Table 5-Intakes of food group by food source, U.S. consumers aged 2 and above, 1977-2018",US consumers aged 2 and above,0.0,Plant
"Protein foods, soy products",FAFH: Fast food,Ounces,"Protein foods, soy products:FAFH: Fast food",2017-2018-Mean,0.0,"Table 5-Intakes of food group by food source, U.S. consumers aged 2 and above, 1977-2018",US consumers aged 2 and above,0.0,Plant
"Protein foods, soy products",FAFH: School,Ounces,"Protein foods, soy products:FAFH: School",2017-2018-Mean,0.0,"Table 5-Intakes of food group by food source, U.S. consumers aged 2 and above, 1977-2018",US consumers aged 2 and above,0.0,Plant
"Protein foods, soy products",FAFH: Others,Ounces,"Protein foods, soy products:FAFH: Others",2017-2018-Mean,0.0,"Table 5-Intakes of food group by food source, U.S. consumers aged 2 and above, 1977-2018",US consumers aged 2 and above,0.0,Plant
"Protein foods, nuts and seeds ",Total,Ounces,"Protein foods, nuts and seeds:Total",2017-2018-Mean,0.72,"Table 5-Intakes of food group by food source, U.S. consumers aged 2 and above, 1977-2018",US consumers aged 2 and above,0.72,Plant
"Protein foods, nuts and seeds ",FAH,Ounces,"Protein foods, nuts and seeds:FAH",2017-2018-Mean,0.63,"Table 5-Intakes of food group by food source, U.S. consumers aged 2 and above, 1977-2018",US consumers aged 2 and above,0.63,Plant
"Protein foods, nuts and seeds ",FAFH,Ounces,"Protein foods, nuts and seeds:FAFH",2017-2018-Mean,0.09,"Table 5-Intakes of food group by food source, U.S. consumers aged 2 and above, 1977-2018",US consumers aged 2 and above,0.09,Plant
"Protein foods, nuts and seeds ",FAFH: Restaurant,Ounces,"Protein foods, nuts and seeds:FAFH: Restaurant",2017-2018-Mean,0.02,"Table 5-Intakes of food group by food source, U.S. consumers aged 2 and above, 1977-2018",US consumers aged 2 and above,0.02,Plant
"Protein foods, nuts and seeds ",FAFH: Fast food,Ounces,"Protein foods, nuts and seeds:FAFH: Fast food",2017-2018-Mean,0.02,"Table 5-Intakes of food group by food source, U.S. consumers aged 2 and above, 1977-2018",US consumers aged 2 and above,0.02,Plant
"Protein foods, nuts and seeds ",FAFH: School,Ounces,"Protein foods, nuts and seeds:FAFH: School",2017-2018-Mean,0.0,"Table 5-Intakes of food group by food source, U.S. consumers aged 2 and above, 1977-2018",US consumers aged 2 and above,0.0,Plant
"Protein foods, nuts and seeds ",FAFH: Others,Ounces,"Protein foods, nuts and seeds:FAFH: Others",2017-2018-Mean,0.05,"Table 5-Intakes of food group by food source, U.S. consumers aged 2 and above, 1977-2018",US consumers aged 2 and above,0.05,Plant
