establishment,recallCount,totalPounds,outbreakCount,pathogens
"Boar&#039;s Head Provisions Co., Inc.",1,2698101.0,0,Listeria
BrucePac,1,3743262.0,0,Listeria
Don Novo &amp; Son,1,1680.0,0,Listeria
"Fratelli Beretta USA, INC.",2,632573.0,2,Salmonella
"Fratelli Beretta USA, Inc.",1,5522.0,1,Salmonella
FreshRealm,1,65233.0,0,Listeria
"FreshRealm, FreshRealm, FreshRealm",1,0.0,0,Listeria
"Freshrealm, FreshRealm",1,0.0,0,Listeria
"Freshrealm, FreshRealm, California Ranch Food Company",1,0.0,0,Listeria
Kraft Heinz Foods Company,1,0.0,0,Listeria
"M.C.I. Foods, Inc.",1,71943.0,0,Listeria
Rachael&#039;s Food Corporation,1,0.0,0,Listeria
"Reser&#039;s Fine Foods, Inc.",1,0.0,0,Listeria
SK Food Group,1,0.0,0,Listeria
WCD Kitchen - Minooka,1,0.0,0,Listeria
Yushang Food Inc.,1,60020.0,1,Listeria
