Individual Establishment Salmonella Categories for Each Product,,,,,,
"for Sample Collection Period December 01, 2024 through November 29, 2025",,,,,,
,,,,,,
Establishment Number,Establishment Name,City,State,District Number,Product Class,Category
M1015+P1015+V1015,"Empire Kosher Poultry, Inc.",Mifflintown,PA,60,Young Chicken Carcasses,2
M112+P112,"Tyson Foods, Inc",Green Forest,AR,35,Young Chicken Carcasses,2
M1234+P1234,Mountaire Farms Inc.,Siler City,NC,80,Young Chicken Carcasses,1
M13456+P13456+V13456,"Tyson Foods, Inc.",Pine Bluff,AR,35,Young Chicken Carcasses,1
M13556+P13556,"Tyson Foods, Inc.",Sedalia,MO,35,Young Chicken Carcasses,1
M1655+P1655+V1655,"Rashbe Holdings, Inc.",Birdsboro,PA,60,Young Chicken Carcasses,1
M17250+P6+V6,"Tyson Foods, Inc.",Blountsville,AL,90,Young Chicken Carcasses,1
M17980+P17980,Pilgrim's Pride Corporation,Sumter,SC,85,Young Chicken Carcasses,1
M19636+P19636,Tyson Foods Inc,Union City,TN,90,Young Chicken Carcasses,1
M20322+P20322,"Keystone Foods, LLC.",Bakerhill,AL,90,Young Chicken Carcasses,1
M20446+P20446+V20446,Central Illinois Poultry Processing LLC,Arthur,IL,50,Young Chicken Carcasses,1
M20826+P20826+V20826,Griggstown Quail Farm,Princeton,NJ,80,Young Chicken Carcasses,1
M2161+P3,"Mountaire Farms, Inc.",Millsboro,DE,80,Young Chicken Carcasses,1
M21938+P21938,EcoFriendly Foods,Moneta,VA,80,Young Chicken Carcasses,NA
M27297+P27297,Campo Lindo Farms,Lathrop,MO,35,Young Chicken Carcasses,1
M27389+P27389+V27389,Pitman Farms,Sanger,CA,05,Young Chicken Carcasses,3
M31727+P31727+V31727A,Kiryas Joel Poultry Processing Plant,Monroe,NY,60,Young Chicken Carcasses,1
M322A+P322,Pilgrim's Pride Corporation,Cold Spring,MN,25,Young Chicken Carcasses,1
M34145+P34145,"Kadejan, Inc.",Glenwood,MN,25,Young Chicken Carcasses,1
M4005+P4005+V4005,Williamsburg Packing Company Inc.,Kingstree,SC,85,Young Chicken Carcasses,NA
M4181+P4181,"Mao Foods, Inc.",Los Angeles,CA,05,Young Chicken Carcasses,1
M44121+P44121,Pelleh Poultry Corp.,Swan Lake,NY,60,Young Chicken Carcasses,3
M44801+P44801,Halal Transaction of USA llc,Kinsman,IL,50,Young Chicken Carcasses,NA
M45479+P45479,"Rettland Farm, LLC",Gettysburg,PA,60,Young Chicken Carcasses,NA
M45525+P45525+V45525,Pine Creek Processing LLC,Ridgeland,WI,25,Young Chicken Carcasses,NA
M46324A+P46324A+V46324A,Morning Star Poultry,Fort Plain,NY,60,Young Chicken Carcasses,2
M46498+P46498,"Westminster Meat Packing, Inc.",Westminster,VT,60,Young Chicken Carcasses,3
M4653A+P4653A+V4653A,"Agri Star Meat and Poultry, LLC",Postville,IA,25,Young Chicken Carcasses,1
M46910+P46910+V46910,B & R Meat Processing,Winslow,AR,35,Young Chicken Carcasses,NA
M47579+P47579,Tyson Foods Inc.,Humboldt,TN,90,Young Chicken Carcasses,2
M48281+P48281+V48281,"White Lake Foods, LLC",Ferndale,NY,60,Young Chicken Carcasses,3
M51255+P51255,Natural State Processing,Clinton,AR,35,Young Chicken Carcasses,2
M51302+P51302,Belmont Meats LLC,Paradise,PA,60,Young Chicken Carcasses,2
M51351+P51351,Underground Slaughter LLC,Walling,TN,90,Young Chicken Carcasses,NA
M56+P56,Pilgrim's Pride Corporation,TIMBERVILLE,VA,80,Young Chicken Carcasses,1
M5842+P5842+V5842,"Tyson Foods, Inc.",Springdale,AR,35,Young Chicken Carcasses,2
M6137+P6137,"Foster Poultry Farms, LLC",Livingston,CA,05,Young Chicken Carcasses,2
M667+P667,Mountaire Farms Inc.,Selbyville,DE,80,Young Chicken Carcasses,1
M7100+P7100+V7100,"Tyson Foods, Inc.",Nashville,AR,35,Young Chicken Carcasses,1
M737+P737,House of Raeford - Wallace Div,Teachey,NC,80,Young Chicken Carcasses,2
M7428+P7428+V7428,"Joyce Foods, Inc.",Winston Salem,NC,80,Young Chicken Carcasses,1
M744+P744,Vineland Poultry LLC,Vineland,NJ,80,Young Chicken Carcasses,3
M7470+P7470,Mountaire Farms Inc. - NC Division,Lumber Bridge,NC,80,Young Chicken Carcasses,1
M7478+P1,"Tyson Foods, Inc.",Wilkesboro,NC,80,Young Chicken Carcasses,1
M7559+P134+V7559,David Elliot Poultry Farm Inc.,Scranton,PA,60,Young Chicken Carcasses,3
M810+P810,Pilgrim's Pride Corporation,Moorefield,WV,80,Young Chicken Carcasses,1
M9977+P1325,"Tyson Foods, Inc.",New Holland,PA,60,Young Chicken Carcasses,1
P1009,Wayne Farms LLC,Danville,AR,35,Young Chicken Carcasses,2
P1137,"Tyson Foods, Inc.",Seguin,TX,40,Young Chicken Carcasses,1
P1235,Wayne Farms LLC,Decatur,AL,90,Young Chicken Carcasses,1
P1243,"Perdue Foods, LLC.",Rockingham,NC,80,Young Chicken Carcasses,1
P1249,"George's Chicken, LLC",Edinburg,VA,80,Young Chicken Carcasses,1
P1250,Fieldale Farms Corporation,Cornelia,GA,85,Young Chicken Carcasses,1
P1254+V1254,"Koch Foods of Ashland, LLC",Ashland,AL,90,Young Chicken Carcasses,1
P1257,Fieldale Farms Corporation,Murrayville,GA,85,Young Chicken Carcasses,1
P1272,Pilgrim's Pride Corporation,Douglas,GA,85,Young Chicken Carcasses,1
P1284,Pilgrim's Pride Corporation,Canton,GA,85,Young Chicken Carcasses,1
P1294+V1294,Holmes Foods Inc.,Nixon,TX,40,Young Chicken Carcasses,1
P1307,Mar-Jac Poultry-AL,Jasper,AL,90,Young Chicken Carcasses,1
P1309,House of Raeford Farms Inc.,Greenville,SC,85,Young Chicken Carcasses,1
P1315,"Tyson Foods, Inc.",Monett,MO,35,Young Chicken Carcasses,1
P1317+V1317,Wayne Farms LLC,Albertville,AL,90,Young Chicken Carcasses,1
P1318,"Perdue Foods, LLC",Milford,DE,80,Young Chicken Carcasses,1
P13369+V13369,"George's Processing, Inc.",Cassville,MO,35,Young Chicken Carcasses,1
P1353,Pilgrim's Pride Corporation,Chattanooga,TN,90,Young Chicken Carcasses,1
P15724+V15724,Case Farms Processing,Winesburg,OH,50,Young Chicken Carcasses,2
P1605,"Tide Mill Organic Farm, LLC",Edmunds Twp,ME,60,Young Chicken Carcasses,1
P164,"Tyson Foods, Inc.",Forest,MS,90,Young Chicken Carcasses,1
P165H,Bachoco OK Foods,Heavener,OK,40,Young Chicken Carcasses,1
P165S+V165S,Bachoco OK Foods,Fort Smith,AR,35,Young Chicken Carcasses,2
P170,Wayne Farms LLC,Pendergrass,GA,85,Young Chicken Carcasses,2
P17340,Pilgrim's Pride Corporation,Hickory,KY,90,Young Chicken Carcasses,1
P17500,Pilgrim's Pride Corporation,Russellville,AL,90,Young Chicken Carcasses,1
P177,Pilgrim's Pride Corporation,Gainesville,GA,85,Young Chicken Carcasses,1
P18285,Perdue Foods LLC,Dillon,SC,85,Young Chicken Carcasses,1
P18414,MB Consultants LTD,South Fallsburg,NY,60,Young Chicken Carcasses,1
P18438B,"Dupont Market, Inc. dba Grimaud Farms",Stockton,CA,05,Young Chicken Carcasses,2
P18557,"Sanderson Farms, Inc.",Summit,MS,90,Young Chicken Carcasses,1
P18978,Misty Knoll Farms,New Haven,VT,60,Young Chicken Carcasses,2
P19112,Perdue Foods LLC,Cromwell,KY,90,Young Chicken Carcasses,1
P19128,Case Farms Processing,Dudley,NC,80,Young Chicken Carcasses,1
P19150+V19150,La Belle Farm Inc,Ferndale,NY,60,Young Chicken Carcasses,3
P192,Pilgrim's Pride Corporation,Guntersville,AL,90,Young Chicken Carcasses,1
P1938,Frango Mineiro Live Butcher Shop LLC,Warwick,MD,80,Young Chicken Carcasses,NA
P1949,"Simmons Prepared Foods, Inc.",Gentry,AR,35,Young Chicken Carcasses,1
P19514,"Tyson Foods, Inc.",Robards,KY,90,Young Chicken Carcasses,2
P19688+V19688,"Sanderson Farms, Inc.",Bryan,TX,40,Young Chicken Carcasses,1
P1978,Pasture Raised Foods LLC,Elgin,TX,40,Young Chicken Carcasses,3
P19865+V19865,House of Raeford Farms of LA,Arcadia,LA,40,Young Chicken Carcasses,2
P20245,"Keystone Foods, LLC",Albany,KY,90,Young Chicken Carcasses,1
P20251,"Tecumseh Poultry, Inc",Tecumseh,NE,15,Young Chicken Carcasses,2
P206+V206,Pilgrim's Pride Corporation,Nacogdoches,TX,40,Young Chicken Carcasses,2
P208+V208,"George's Processing, Inc.",Springdale,AR,35,Young Chicken Carcasses,1
P211,"Palmetto Pigeon Plant, Inc.",Sumter,SC,85,Young Chicken Carcasses,3
P21234,Perdue Foods LLC,Perry,GA,85,Young Chicken Carcasses,1
P2178,PERDUE FOODS LLC,Georgetown,DE,80,Young Chicken Carcasses,1
P218,Pilgrim's Pride Corporation,Lufkin,TX,40,Young Chicken Carcasses,1
P2186,"GEORGE'S FOODS, LLC",HARRISONBURG,VA,80,Young Chicken Carcasses,1
P2372,DRR Processing LLC,Burton,TX,40,Young Chicken Carcasses,3
P243,"Tyson Foods, Inc.",Cumming,GA,85,Young Chicken Carcasses,1
P247,"Sanderson Farms, Inc. (Processing Div)",Hazlehurst,MS,90,Young Chicken Carcasses,1
P2632,Pilgrim's Pride Corporation,Live Oak,FL,85,Young Chicken Carcasses,1
P2686,"Keystone Foods, LLC",Camilla,GA,85,Young Chicken Carcasses,1
P2882,Perdue Foods LLC,Petaluma,CA,05,Young Chicken Carcasses,1
P2894,House of Raeford Vienna,Vienna,GA,85,Young Chicken Carcasses,1
P308,Koch Foods of Mississippi,Morton,MS,90,Young Chicken Carcasses,2
P32,"Mar-Jac Poultry, Inc.",Gainesville,GA,85,Young Chicken Carcasses,1
P320,"Sanderson Farms, Inc.",Laurel,MS,90,Young Chicken Carcasses,1
P32143,Otto's Poultry Inc.,Middleville,MI,50,Young Chicken Carcasses,3
P32182,"Sanderson Farms, Inc.",Moultrie,GA,85,Young Chicken Carcasses,1
P325,"Tyson Foods, Inc.",Center,TX,40,Young Chicken Carcasses,1
P3302,Cluck Ya Poultry,Gardiner,ME,60,Young Chicken Carcasses,NA
P33900+V33900,"Case Farms, Processing",Farmerville,LA,40,Young Chicken Carcasses,1
P341,Golden Rod Broilers,Cullman,AL,90,Young Chicken Carcasses,2
P34308,"Sanderson Farms, Inc.",Waco,TX,40,Young Chicken Carcasses,1
P39,Pine Manor Inc.,Orland,IN,50,Young Chicken Carcasses,1
P39915+V39915,"LOCUST POINT FARMS, LLC",ELKTON,MD,80,Young Chicken Carcasses,3
P40,Pilgrim's Pride Corporation,Ellijay,GA,85,Young Chicken Carcasses,1
P40183,"Sanderson Farms, Inc.",Kinston,NC,80,Young Chicken Carcasses,2
P40345,Misty Lea Farm Poultry Processing,Pembroke,KY,90,Young Chicken Carcasses,3
P419,"Case Farms Processing, Inc.",Morganton,NC,80,Young Chicken Carcasses,1
P445,"Wayne Farms, LLC",Dobson,NC,80,Young Chicken Carcasses,1
P44826,Case Farms Processing,Canton,OH,50,Young Chicken Carcasses,1
P44974+V44974,Goffle Road Poultry Farm,Wyckoff,NJ,80,Young Chicken Carcasses,3
P44992,Windy Meadows Family Farm,Campbell,TX,40,Young Chicken Carcasses,3
P45342+V45342,"Munsell's Poultry Processing, LLC",Fowlerville,MI,50,Young Chicken Carcasses,NA
P45483,"Peco Foods, Inc.",Pocahontas,AR,35,Young Chicken Carcasses,1
P45819,King and Sons Poultry Service Inc,Bradford,OH,50,Young Chicken Carcasses,1
P45910,"Sanderson Farms, Inc.",St Pauls,NC,80,Young Chicken Carcasses,1
P46091,"Ozark Mountain Poultry, Inc.",Batesville,AR,35,Young Chicken Carcasses,1
P46213,Burgundy Pasture Poultry LLC,Hillsboro,TX,40,Young Chicken Carcasses,1
P46248A,Wabash Poultry Processing,Forrest,IL,50,Young Chicken Carcasses,3
P46374,Sanderson Farms Processing Inc. Tyler Processing Division,Tyler,TX,40,Young Chicken Carcasses,1
P468,"Peco Foods, Inc.",Batesville,AR,35,Young Chicken Carcasses,1
P46826,SHENANDOAH VALLEY ORGANIC,Harrisonburg,VA,80,Young Chicken Carcasses,1
P46897,"IHSAN FARMS, IIC",PRINCESS ANNE,MD,80,Young Chicken Carcasses,3
P47016,"The Best Dressed Chicken, Inc.",Ward,SC,85,Young Chicken Carcasses,2
P47254,Shining Comb Poultry,Romulus,NY,60,Young Chicken Carcasses,3
P47394,Poultry Processing of Atlanta,Loganville,GA,85,Young Chicken Carcasses,1
P476,Pilgrim's Pride Corporation,Carrollton,GA,85,Young Chicken Carcasses,1
P47824,Regenerative Agriculture Alliance,Stacyville,IA,25,Young Chicken Carcasses,NA
P481,"Tyson Foods, Inc.",Springdale,AR,35,Young Chicken Carcasses,3
P48304,Lincoln Premium Poultry,Fremont,NE,15,Young Chicken Carcasses,2
P48308,"J-Bar Poultry Processing, LLC",New Plymouth,ID,15,Young Chicken Carcasses,NA
P48466,"Al-Kawthar Poultry, LLC",Stevens,PA,60,Young Chicken Carcasses,3
P509,Koch Foods LLC,Morristown,TN,90,Young Chicken Carcasses,1
P510,House Of Raeford Farms,Rose Hill,NC,80,Young Chicken Carcasses,1
P51179+V51179,"Sanderson Farms, Inc.",Palestine,TX,40,Young Chicken Carcasses,1
P517,Mar-Jac Poultry-MS,Hattiesburg,MS,90,Young Chicken Carcasses,1
P519,Amick Farms LLC,Laurel,MS,90,Young Chicken Carcasses,1
P522,"Sanderson Farms, Inc. (Processing Div)",Collins,MS,90,Young Chicken Carcasses,1
P529+V529,Pilgrim's Pride Corporation,Arcadia,WI,25,Young Chicken Carcasses,1
P533,Free Bird Chicken,Fredericksburg,PA,60,Young Chicken Carcasses,1
P548,"JCG  Foods of Alabama, LLC",Collinsville,AL,90,Young Chicken Carcasses,2
P559,"Tyson Foods, Inc.",Albertville,AL,90,Young Chicken Carcasses,1
P5787,Pilgrim's Pride Corporation,Natchitoches,LA,40,Young Chicken Carcasses,1
P6058,Perdue Foods LLC,Mount Vernon,WA,15,Young Chicken Carcasses,3
P6137A,"Foster Poultry Farms, LLC",Fresno,CA,05,Young Chicken Carcasses,1
P6164A,"Foster Poultry Farms, LLC",Kelso,WA,15,Young Chicken Carcasses,1
P622,"Tyson Foods, Inc.",Monroe,NC,80,Young Chicken Carcasses,1
P646,"JCG Foods of Georgia, LLC",Pine Mt Valley,GA,85,Young Chicken Carcasses,1
P6504,"Peco Foods, Inc.",Tuscaloosa,AL,90,Young Chicken Carcasses,1
P6505,"Norman W. Fries, Inc.",Claxton,GA,85,Young Chicken Carcasses,1
P6510,"Peco Foods, Inc",Bay Springs,MS,90,Young Chicken Carcasses,2
P6519B,"Coastal Processing, LLC",Louisville,GA,85,Young Chicken Carcasses,1
P6529,"Koch Foods of  Montgomery, AL",Montgomery,AL,90,Young Chicken Carcasses,1
P6616+V6616,"Peco Foods, Inc.",Sebastopol,MS,90,Young Chicken Carcasses,1
P6638,Pilgrim's Pride Corporation,Enterprise,AL,90,Young Chicken Carcasses,1
P6651,Tyson Foods Inc.,Shelbyville,TN,90,Young Chicken Carcasses,2
P6666,"Koch Foods of Gadsden, LLC",Gadsden,AL,90,Young Chicken Carcasses,2
P687,House of Raeford,West Columbia,SC,85,Young Chicken Carcasses,1
P7044,"Tyson Foods, Inc.",Carthage,TX,40,Young Chicken Carcasses,2
P705,Pilgrim's Pride Corporation,De Queen,AR,35,Young Chicken Carcasses,2
P7085+V7085,"Tyson Foods, Inc",Broken Bow,OK,40,Young Chicken Carcasses,2
P7091,Pilgrim's Pride Corporation,Mount Pleasant,TX,40,Young Chicken Carcasses,1
P7101,"Tyson Foods, Inc.",Clarksville,AR,35,Young Chicken Carcasses,1
P7156+V7156,"Tyson Foods, Inc.",Hope,AR,35,Young Chicken Carcasses,1
P72,"Tyson Foods, Inc",Dardanelle,AR,35,Young Chicken Carcasses,1
P7264+V7264,"Sanderson Farms, Inc.",Hammond,LA,40,Young Chicken Carcasses,1
P727+V727,"Simmons Prepared Foods, Inc.",South West City,MO,35,Young Chicken Carcasses,1
P7342+V7342,Wayne Farms LLC,Dothan,AL,90,Young Chicken Carcasses,1
P7374,"To-Ricos, Ltd.",Aibonito,PR,85,Young Chicken Carcasses,1
P7485+V7485,Wayne Farms LLC,Jack,AL,90,Young Chicken Carcasses,1
P7487,"Koch Foods, LLC",Chattanooga,TN,90,Young Chicken Carcasses,2
P758,"Tyson Foods, Inc",Carthage,MS,90,Young Chicken Carcasses,1
P7632,"Foster Poultry Farms, LLC",Fresno,CA,05,Young Chicken Carcasses,1
P764,"Perdue Foods, LLC",Salisbury,MD,80,Young Chicken Carcasses,1
P768+V768,"Tyson Foods, Inc.",Waldron,AR,35,Young Chicken Carcasses,2
P7903,"Perdue Foods, LLC",Accomac,VA,80,Young Chicken Carcasses,1
P7927,"AMICK FARMS, LLC",HURLOCK,MD,80,Young Chicken Carcasses,1
P7987,Amick Farms LLC.,Batesburg,SC,85,Young Chicken Carcasses,1
P806,"Tyson Foods, Inc.",Temperanceville,VA,80,Young Chicken Carcasses,1
P8107+V8107,Squab Producers Of California,Modesto,CA,05,Young Chicken Carcasses,3
P843,Pilgrim's Pride Corporation,Marshville,NC,80,Young Chicken Carcasses,1
P855,Pilgrim's Pride Corporation,Athens,GA,85,Young Chicken Carcasses,2
P890,"Peco Foods, Inc.",Canton,MS,90,Young Chicken Carcasses,2
P910,"Harrison Poultry, Inc.",Bethlehem,GA,85,Young Chicken Carcasses,1
P912,Wayne Farms LLC,Union Springs,AL,90,Young Chicken Carcasses,1
P9197,"Perdue Foods, LLC.",Lewiston Woodville,NC,80,Young Chicken Carcasses,1
P9332,Diestel Turkey Ranch,Sonora,CA,05,Young Chicken Carcasses,NA
P935,Allen Harim LLC,Harbeson,DE,80,Young Chicken Carcasses,1
P9378+V9378,Baffoni's Poultry Farm Inc.,Johnston,RI,60,Young Chicken Carcasses,3
M10+P7212+V10,Buckhead Meat & Seafood of Houston.,Houston,TX,40,Chicken Parts,3
M10017+P10017,Bert Hazekamp & Son Inc.,Muskegon,MI,50,Chicken Parts,NA
M10038+P10038+V10038,Scotts Hook & Cleaver Inc.,Scotts,MI,50,Chicken Parts,NA
M1015+P1015+V1015,"Empire Kosher Poultry, Inc.",Mifflintown,PA,60,Chicken Parts,1
M1046+P1046+V1046,S & S Meat Co.,Kansas City,MO,35,Chicken Parts,NA
M10828+P10828,Hillside Turkey Farm,Thurmont,MD,80,Chicken Parts,NA
M10835+P10835+V10835,Sudlersville Frozen Meat Locker,SUDLERSVILLE,MD,80,Chicken Parts,1
M1097+P8891,"Demakes Enterprises, LLC",Lynn,MA,60,Chicken Parts,3
M11+P11,The Butchery Inc.,Danvers,MA,60,Chicken Parts,NA
M11041+P11041,Saigon Gourmet LLC,San Jose,CA,05,Chicken Parts,NA
M11078+P11078,Burris Logistics,Los Angeles,CA,05,Chicken Parts,1
M112+P112,"Tyson Foods, Inc",Green Forest,AR,35,Chicken Parts,1
M11507+P11507+V11507,Perdue Foods LLC,Monterey,TN,90,Chicken Parts,NA
M11509+P11509,Bachoco OK Foods,Albertville,AL,90,Chicken Parts,2
M1160+P9207,Rocker Bros. Meat & Provision Inc.,Inglewood,CA,05,Chicken Parts,1
M1234+P1234,Mountaire Farms Inc.,Siler City,NC,80,Chicken Parts,1
M12650+P12650,Fieldale Farms Corporation,Gainesville,GA,85,Chicken Parts,2
M13016+P13016+V13016,"City Meat Steak Co., Inc.",Houston,TX,40,Chicken Parts,NA
M1305+P1305+V1305,"Holly Poultry, LLC",Baltimore,MD,80,Chicken Parts,3
M13127+P13127,Ditta Meat Company,Pasadena,TX,40,Chicken Parts,2
M13149+P13149+V13149,Krehbiels Specialty Meats Inc,McPherson,KS,35,Chicken Parts,NA
M13170+P13170+V13170,Oklahoma City Meat Company,Oklahoma City,OK,40,Chicken Parts,1
M13199+P13199,Chorizo de San Manuel Inc.,Edinburg,TX,40,Chicken Parts,NA
M13409+P13409,"O'Steen Meat Specialties, Inc.",Oklahoma City,OK,40,Chicken Parts,NA
M13432A+P13432A,"Martin Foods, L.P.",Houston,TX,40,Chicken Parts,3
M13456+P13456+V13456,"Tyson Foods, Inc.",Pine Bluff,AR,35,Chicken Parts,3
M13484+P13484,Direct Source Meats,San Antonio,TX,40,Chicken Parts,NA
M13530+P13530,Tian Tian Food Service,Houston,TX,40,Chicken Parts,1
M13556+P13556,"Tyson Foods, Inc.",Sedalia,MO,35,Chicken Parts,1
M13564+P13564,"Rath, Inc.",Apache,OK,40,Chicken Parts,1
M13590+P13590,"Southwest Processor, Inc.",Stafford,TX,40,Chicken Parts,1
M1383+P677,Praters Foods,Lubbock,TX,40,Chicken Parts,1
M1393+P836,Les Chateaux DeFrance Inc,Inwood,NY,60,Chicken Parts,1
M1407+P1407+V1407,East Texas Beef Processors,Frankston,TX,40,Chicken Parts,NA
M1542+P1542,Isernio's Sausage Co.,Kent,WA,15,Chicken Parts,NA
M15735+P15735+V15735,FULTON MARKET,Chicago,IL,50,Chicken Parts,2
M15805+P15805+V15805,J&B Wholesale Distributing Inc.,St Michael,MN,25,Chicken Parts,3
M1645+P1645,"Nathan & Sons, Inc.",South El Monte,CA,05,Chicken Parts,1
M1655+P1655+V1655,"Rashbe Holdings, Inc.",Birdsboro,PA,60,Chicken Parts,2
M1698+P787+V1698,Schreiber Processing Corporation,Maspeth,NY,60,Chicken Parts,1
M17217A+P6403A+V17217A,Plymouth Poultry Co.,Auburn,WA,15,Chicken Parts,3
M17250+P6+V6,"Tyson Foods, Inc.",Blountsville,AL,90,Chicken Parts,1
M17270+P17270,Sovereign Seafoods Inc,Santa Barbara,CA,05,Chicken Parts,NA
M17335+P17335,"Intra Coastal Packing, Inc.",Lake Worth,FL,85,Chicken Parts,1
M17375+P17375,E.G. Food Inc.,Brooklyn,NY,60,Chicken Parts,NA
M17395+P17395,50th State Poultry,Pearl City,HI,15,Chicken Parts,2
M17454+P17454,Clark's Poultry and Seafood,Hamburg,NY,60,Chicken Parts,NA
M17554+P17554,"Farmingdale Meat Market, Inc., DBA Main Street Wholesale Meats",Farmingdale,NY,60,Chicken Parts,NA
M17557+P17557,"JPI Wholesalers, Inc.",Hannibal,MO,35,Chicken Parts,2
M1759+P1759,Fortune Wisconsin LLC,Green Bay,WI,25,Chicken Parts,1
M17751+P17751,"Chamblee Meats & Suppy, Inc.",Chamblee,GA,85,Chicken Parts,NA
M1776+P1776,"San Lorenzo Foods, LLC",Pomona,CA,05,Chicken Parts,NA
M17781+P17781,Sea Bend Meat Company,Shoreline,WA,15,Chicken Parts,NA
M17874+P17874,"P&F Meat Market ""DBA"" MeatCrafters",LANDOVER,MD,80,Chicken Parts,NA
M1790+P18123+V1790,Grecian Delight Foods Inc.,Elk Grove Village,IL,50,Chicken Parts,NA
M1791+P27353,"Best Chicago Meat Company, LLC",Chicago,IL,50,Chicken Parts,3
M17980+P17980,Pilgrim's Pride Corporation,Sumter,SC,85,Chicken Parts,1
M18022+P18022,Peter's Wholesale Meat Corporation,Springfield Gardens,NY,60,Chicken Parts,1
M18237+P18237,"Vital Foods, LLC",Abbeville,SC,85,Chicken Parts,NA
M18341+P18341,"Crescent Prime Cuts, Ltd.",Farmingdale,NY,60,Chicken Parts,NA
M18370+P18370,Hometown Sausage Kitchen,East Troy,WI,25,Chicken Parts,NA
M18416+P18416+V18416,"New York Food Service, Inc.",Bronx,NY,60,Chicken Parts,1
M18554+P18554,JCG Industries,Chicago,IL,50,Chicken Parts,3
M18554A+P18554A,JCG Industries,Franklin Park,IL,50,Chicken Parts,1
M18559+P18559+V18559,Grand Food,Hayward,CA,05,Chicken Parts,NA
M18578+P18578,"Kellys Foods, Inc.",Winter Garden,FL,85,Chicken Parts,1
M18596+P18596,K&L Ranch Inc.,Paterson,NJ,80,Chicken Parts,1
M18600+P18600,Greco and Sons,Bartlett,IL,50,Chicken Parts,1
M18661+P18661,Mega Meats,Bronx,NY,60,Chicken Parts,NA
M18667+P18667,Ellsworth Foods Inc.,Tifton,GA,85,Chicken Parts,2
M18678+P18678+V18678,"Fells Point, LLC",Baltimore,MD,80,Chicken Parts,1
M18743+P18743,"Olympia Food Industries, Inc.",Franklin Park,IL,50,Chicken Parts,1
M18746+P18746,"Lindsay Foods, Inc.",Milwaukee,WI,25,Chicken Parts,NA
M18820+P18820,"Mathew's Prime Meats, Inc.",West Babylon,NY,60,Chicken Parts,NA
M1887+P1887,"Marcel's Portion Pak, Inc",Opa-Locka,FL,85,Chicken Parts,1
M18878+P18878,"Piccinini Brothers, Inc",New York,NY,60,Chicken Parts,NA
M18888+P18888,Brighton Packing LLC,Chicago,IL,50,Chicken Parts,1
M18895+P18895,"US Foods, Inc.",Hawthorne,CA,05,Chicken Parts,1
M18987+P18987,JRG Meat Processing Plant,Aibonito,PR,85,Chicken Parts,1
M18994+P18994,The 29ers Provisions,Los Angeles,CA,05,Chicken Parts,1
M19034+P19034+V19034A,Berk Lombardo Packing Co.. Inc.,Hauppauge,NY,60,Chicken Parts,NA
M1909+P1909,Legacy Agricultural Farms LLC,Hempstead,TX,40,Chicken Parts,NA
M1913A+P18075A+V1913A,"Three Sons Processing-Texas, Inc.",DFW Airport,TX,40,Chicken Parts,2
M19194+P19194,"US Foods, Inc.",Phoenix,AZ,05,Chicken Parts,1
M1940+P17937+V1940,Ruprecht Company,Mundelein,IL,50,Chicken Parts,3
M19433+P19433,Ambassador Meat Dist. Inc.,Kansas City,MO,35,Chicken Parts,1
M1947A+P1947A,Halperns' Steak and Seafood Company LLC,Kalamazoo,MI,50,Chicken Parts,3
M19545A+P19545A,Integrity Foods Inc.,Athens,GA,85,Chicken Parts,1
M19636+P19636,Tyson Foods Inc,Union City,TN,90,Chicken Parts,1
M19652+P19652,Swift Beef Company,Greeley,CO,15,Chicken Parts,2
M19719+P19719,Twin Rivers Foods,Fort Smith,AR,35,Chicken Parts,1
M19719E+P19719E,Twin Rivers Foods,Ft. Smith,AR,35,Chicken Parts,1
M19782+P19782,E. Excel Food Inc,Anaheim,CA,05,Chicken Parts,1
M19879+P19879+V19879,Golden Valley Industries,Modesto,CA,05,Chicken Parts,1
M19915+P19915+V19915,Corfini Meat and Seafood,Salt Lake City,UT,15,Chicken Parts,NA
M19916+P8117+V19916,Salt Lake Fine Foods,Salt Lake City,UT,15,Chicken Parts,1
M19953+P19953,Go Go Sales Inc.,Los Angeles,CA,05,Chicken Parts,1
M1998+P1998,Southern Texas Food Group,Eagle Pass,TX,40,Chicken Parts,NA
M19999+P19999,"AU, LAU and Associates, Inc.",Pompano Beach,FL,85,Chicken Parts,1
M20088+P20088+V20088,"Brakebush Irving, Inc.",Irving,TX,40,Chicken Parts,1
M20106+P20106,Dallas USA Foods Inc.,Dallas,TX,40,Chicken Parts,1
M20117+P20117,Culinary Specialties Inc.,San Marcos,CA,05,Chicken Parts,NA
M20153+P20153,Rice Field Corporation,City of Industry,CA,05,Chicken Parts,1
M20251W+P20251W,"Tecumseh Poultry, LLC",Waverly,NE,15,Chicken Parts,1
M20322+P20322,"Keystone Foods, LLC.",Bakerhill,AL,90,Chicken Parts,1
M20401+P20401,"Prime Foods, Inc.",Hyattsville,MD,80,Chicken Parts,1
M20446+P20446+V20446,Central Illinois Poultry Processing LLC,Arthur,IL,50,Chicken Parts,NA
M20672+P20672,"Central Meat Processors, Inc.",Cayey,PR,85,Chicken Parts,NA
M20676+P20676+V20676,Supreme Meat Purveyors LLC,San Antonio,TX,40,Chicken Parts,NA
M20815+P20815,"Buckhead Meat & Seafood Mid-Atlantic, Inc.",Landover,MD,80,Chicken Parts,3
M20862+P20862,"Olympic Gold Meats, Inc.",Long Beach,CA,05,Chicken Parts,NA
M20887+P20887,Crescent Foods,Chicago,IL,50,Chicken Parts,2
M20889+P20889,"Crown I Foods, Inc.",Bay Shore,NY,60,Chicken Parts,1
M2095+P2095,"Nealey's Foods, Inc.",Chicago,IL,50,Chicken Parts,1
M20AE+P20AE+V20AE,"Lopez Foods, Inc.",Oklahoma City,OK,40,Chicken Parts,1
M2106+P2106,Buckhead Meat Midwest Inc.,Northwood,OH,50,Chicken Parts,NA
M21103+P21103,US Foods Inc.,Birmingham,AL,90,Chicken Parts,1
M21180+P21180,Roots Meat Market LLC,Fremont,OH,50,Chicken Parts,NA
M21200+P21200,"VF America, LLC",Statham,GA,85,Chicken Parts,3
M21254+P21254,"William & Co., Inc.",Boston,MA,60,Chicken Parts,1
M21275+P21275,D&D Foods Inc.,Omaha,NE,15,Chicken Parts,1
M21342+P21342,"WanRong Trading Corp., DBA Taihe Trading Corp.",Long Island City,NY,60,Chicken Parts,1
M21430+P21430,Bert Posess Inc,Paterson,NJ,80,Chicken Parts,1
M21494+P21494,CCP Poultry & Meat Corp.,Vernon,CA,05,Chicken Parts,1
M21498+P21498,Ozark Mountain Poultry Inc.,Rogers,AR,35,Chicken Parts,1
M2161+P3,"Mountaire Farms, Inc.",Millsboro,DE,80,Chicken Parts,1
M21695+P21695,R. Whittingham & Sons,Alsip,IL,50,Chicken Parts,NA
M21712+P21712,Glatt Boy's Inc.,Bronx,NY,60,Chicken Parts,NA
M21838+P21838,Bachoco OK Foods,Albertville,AL,90,Chicken Parts,3
M21863A+P21863A,Rio Grande Pak Foods,McAllen,TX,40,Chicken Parts,1
M21874+P21874,"Rosemead Processing Meats, Inc.",South El Monte,CA,05,Chicken Parts,1
M21882+P21882+V21882,"S&S Gilardi, Inc.",Mount Vernon,OH,50,Chicken Parts,NA
M2194+P2194,Pat's Pastured,East Greenwich Road,RI,60,Chicken Parts,NA
M2199+P2199,"Omni Custom Meats, Inc.",Bowling Green,KY,90,Chicken Parts,NA
M2201+P2201,Webers Quality Meats,San Leandro,CA,05,Chicken Parts,NA
M22042+P22042,"Illini Institutional Foods, Inc.",Rantoul,IL,50,Chicken Parts,NA
M22104+P22104+V22104,Nital Trading Co Inc,Hialeah,FL,85,Chicken Parts,NA
M2213A+P2213A,Buckhead Meat of San Antonio,San Antonio,TX,40,Chicken Parts,2
M2260T+P2260T,"Gold Creek Foods, LLC",Caryville,TN,90,Chicken Parts,NA
M2298+P2298,"Deen Meat and Cooked Foods, Inc.",Fort Worth,TX,40,Chicken Parts,NA
M2327+P2327,"Iowa Pacific Processors, Inc.",Des Moines,IA,25,Chicken Parts,1
M2338+P2338,Keith Valley Packing Company,Dallas,TX,40,Chicken Parts,1
M2365+P2365,"Performance Food Group, Inc.",Berkley,MO,35,Chicken Parts,NA
M2404+P2404,R and D Meats,Jennings,OK,40,Chicken Parts,NA
M244S+P244S,"Tyson Fresh Meats, Inc.",Sherman,TX,40,Chicken Parts,NA
M245D+P245D+V245D,"Tyson Foods, Inc.",Emporia,KS,35,Chicken Parts,NA
M2462+P2462+G2462,"Ethnic Food Concepts, LLC",Olathe,KS,35,Chicken Parts,NA
M248B+P215,Butterfield Foods Company,Butterfield,MN,25,Chicken Parts,NA
M2510+P2510+V2510,Best Choice Meats,Alsip,IL,50,Chicken Parts,NA
M2514+P18395,Four Star Foods,Chicago,IL,50,Chicken Parts,1
M2540+P2540,"KBDetroit, LLC",Detroit,MI,50,Chicken Parts,1
M2597+P2597,Arch Food Service Inc.,Wheeling,IL,50,Chicken Parts,NA
M2629+P2629+V2629,Hobson Food Service,Nashville,TN,90,Chicken Parts,1
M2635+P2635,Unidos Meat Processors LLC,Hidalgo,TX,40,Chicken Parts,NA
M2664+P2664,Northwest Arkansas Food Bank,Lowell,AR,35,Chicken Parts,1
M2676+P2676,"Southeast Poultry, Inc.",Rogers,AR,35,Chicken Parts,3
M2696+P2696,Cuatro Cinco Manufacturing,Houston,TX,40,Chicken Parts,1
M272+P272,"T. F. Kinnealey Co., Inc.",Brockton,MA,60,Chicken Parts,1
M27216+P27216,Great American Trucking- Select Foods,Delray Beach,FL,85,Chicken Parts,1
M27297+P27297,Campo Lindo Farms,Lathrop,MO,35,Chicken Parts,NA
M27361+P27361,Reliable Brothers,Green Island,NY,60,Chicken Parts,NA
M27389+P27389+V27389,Pitman Farms,Sanger,CA,05,Chicken Parts,2
M27505+P27505,"Gold Creek Processing, LLC",Dawsonville,GA,85,Chicken Parts,1
M2752+P2752,Hunts Point Packing Corp,Bronx,NY,60,Chicken Parts,NA
M2794+P2794,Chop Chop Inc,Federal Way,WA,15,Chicken Parts,NA
M2802+P2802,Magong Food LLC,Monterey Park,CA,05,Chicken Parts,1
M2840A+P2840A,Golden Gate Wine Country Meats,Santa Rosa,CA,05,Chicken Parts,NA
M2874+P2874,"Allen Brothers, LLC",Richmond,CA,05,Chicken Parts,1
M2896+P2896,Daniel Western Meat Packers Inc.,Pico Rivera,CA,05,Chicken Parts,NA
M2902+P2902,Cougle Commission Company,Chicago,IL,50,Chicken Parts,1
M2932+P2932,Gotham Gourmet Provisions LLC,East Hanover,NJ,80,Chicken Parts,NA
M2972+P2972,Northeast Regional Corrections Center,Saginaw,MN,25,Chicken Parts,NA
M3026+P3026,D & S Meats Inc.,Mokena,IL,50,Chicken Parts,1
M30775+P30775,Rose Meat Services,Vernon,CA,05,Chicken Parts,1
M30778+P30778,"Rosemead processing Meats, Inc.",Los Angeles,CA,05,Chicken Parts,NA
M31639+P31639,Mountain Meadow Productions,Los Angeles,CA,05,Chicken Parts,1
M3165+P3165,Red Rock Foods,Braselton,GA,85,Chicken Parts,NA
M31727+P31727+V31727A,Kiryas Joel Poultry Processing Plant,Monroe,NY,60,Chicken Parts,1
M31877+P31877,Twin Rivers Foods,Atkins,AR,35,Chicken Parts,2
M31884+P31884+V31884,"Pritzlaff Wholesale Meats, LLC",New Berlin,WI,25,Chicken Parts,1
M31907+P31907,"Diverse Food Products, LLC",Baldwinsville,NY,60,Chicken Parts,NA
M31915+P31915,"MERRILL DISTRIBUTING, INC.",Wausaukee,WI,25,Chicken Parts,NA
M31932+P31932,Certified Meat Products,Fresno,CA,05,Chicken Parts,1
M31979+P31979,Gold Creek Processing LLC,Gainesville,GA,85,Chicken Parts,1
M31980+P31980,"M & C Unico, Inc.",Los Angeles,CA,05,Chicken Parts,NA
M32031+P32031,K-D Market Inc.,New York,NY,60,Chicken Parts,NA
M32170+P32170,Ganaderos Borges,Naguabo,PR,85,Chicken Parts,NA
M322A+P322,Pilgrim's Pride Corporation,Cold Spring,MN,25,Chicken Parts,1
M33861+P33861,Standard Meat Company,Saginaw,TX,40,Chicken Parts,2
M33885+P31851,Chee Foo International Inc,Phoenix,AZ,05,Chicken Parts,1
M33901+P33901,"Case Farms, Processing",Farmerville,LA,40,Chicken Parts,2
M33973+P33973+V33973,Cream Co. LLC,Oakland,CA,05,Chicken Parts,NA
M33982+P33982,JBB Trading LLC,Houston,TX,40,Chicken Parts,2
M34009+P34009,Washington Lamb Inc,Lorton,VA,80,Chicken Parts,1
M34078+P34078,"Great Lakes Poultry, Inc.",La Porte,IN,50,Chicken Parts,3
M34095+P34095+V34095,"A1 Meat Solutions, Inc.",El Monte,CA,05,Chicken Parts,2
M34145+P34145,"Kadejan, Inc.",Glenwood,MN,25,Chicken Parts,1
M34152+P34152,Anmar Foods,Chicago,IL,50,Chicken Parts,1
M34167+P34167,Dakota Packing,Las Vegas,NV,05,Chicken Parts,1
M34174+P34174,Pacific Coast Meat Inc.,San Francisco,CA,05,Chicken Parts,NA
M34176+P34176,Swift Beef Company,Lenoir,NC,80,Chicken Parts,1
M34195+P34195,"Gourmet Specialty Foods, LLC",North Andover,MA,60,Chicken Parts,1
M34227+P34227,S.D.J TRADING,Irvington,NJ,80,Chicken Parts,1
M34371+P34371,Union Foods LLC,Rocky Mount,NC,80,Chicken Parts,3
M34376+P34376,"Spectrum Foods, Inc.",Landover,MD,80,Chicken Parts,NA
M34467+P34467+V34467,Shamrock Food Company,Commerce City,CO,15,Chicken Parts,1
M34715+P34715,"Patterson TMP Operating, LLC",Fort Worth,TX,40,Chicken Parts,3
M3603+P3603,"Amazing Taste Foods, Inc.",North Little Rock,AR,35,Chicken Parts,NA
M38463+P38463,La Indi Poultry,City of Industry,CA,05,Chicken Parts,2
M38494+P32145+V32145,"Emmaus Foods, LLC",Albertville,AL,90,Chicken Parts,1
M38511+P38511+V38511,"New S.B.L., Inc.",Chicago,IL,50,Chicken Parts,1
M38514+P38514,C & S Poultry,Monterey Park,CA,05,Chicken Parts,1
M38522+P38522,Metropolitan Foods,Wayne,NJ,80,Chicken Parts,1
M39891+P39891,Biloxi Beach Group LLC #1,Morton,MS,90,Chicken Parts,2
M39896+P39896,The Fillo Factory,Northvale,NJ,80,Chicken Parts,NA
M39941+P39941,"Casanova Market, Inc.",Hauppauge,NY,60,Chicken Parts,1
M4005+P4005+V4005,Williamsburg Packing Company Inc.,Kingstree,SC,85,Chicken Parts,NA
M40059+P40059,"Legendary Meats, LLC",Marietta,GA,85,Chicken Parts,1
M40145+P40145,D & N Provisions,Boston,MA,60,Chicken Parts,NA
M40181+P40181,A&J Meats,City of Industry,CA,05,Chicken Parts,1
M40311+P40311,Mecca Halal Poultry,Astoria,NY,60,Chicken Parts,1
M4033+P4033,Bianco Inc.,Medford,MA,60,Chicken Parts,NA
M40363+P40363,Pascucci Family Pasta,San Diego,CA,05,Chicken Parts,NA
M40367+P40367,"Shuler Meats, Inc.",Thomasville,NC,80,Chicken Parts,1
M40440A+P40440A,RYC Foods,San Antonio,TX,40,Chicken Parts,NA
M4075+P4075,Arnold's & Eddies Foods Inc.,Chicopee,MA,60,Chicken Parts,NA
M4104+P4104,Palisades Ranch,Vernon,CA,05,Chicken Parts,1
M4121A+P4121A+V4121A,"Custom Made Meals, LLC",Denver,CO,15,Chicken Parts,1
M4150+P4150,Tommy's Quality Meats,San Diego,CA,05,Chicken Parts,1
M4159+P4159,"HV Randall Foods, Inc.",Vernon,CA,05,Chicken Parts,1
M4159A+P4159A,"HV Randall Foods, LLC",Vernon,CA,05,Chicken Parts,NA
M4177+P4177+I4177,"Leyen Food, LLC",La Puente,CA,05,Chicken Parts,2
M4181+P4181,"Mao Foods, Inc.",Los Angeles,CA,05,Chicken Parts,1
M4187+P4187+V4187,"Wayne Provisions Company, Inc.",Vernon,CA,05,Chicken Parts,1
M426+P17065,King Meat Service Inc.,Vernon,CA,05,Chicken Parts,1
M42886+P42886,EDCA Foods,Modesto,CA,05,Chicken Parts,NA
M4322+P4322,"Japan Premium Beef, Inc.",Bronx,NY,60,Chicken Parts,NA
M4398+P4398,"DiLuigi Foods, Inc",Danvers,MA,60,Chicken Parts,2
M44121+P44121,Pelleh Poultry Corp.,Swan Lake,NY,60,Chicken Parts,2
M44127+P44127,Adesa International LLC,Ontario,CA,05,Chicken Parts,3
M443+P443+V443,"Glenn Valley Foods, LLC.",Omaha,NE,15,Chicken Parts,1
M44762+P44762,"TJ Processors, LLC",Seattle,WA,15,Chicken Parts,NA
M44946+P44946,Romeo Foods Inc,Brooklyn,NY,60,Chicken Parts,1
M44976+P44976,Empacadora y Procesadora del Sur,Coamo,PR,85,Chicken Parts,2
M45056+P45056,L&G Food Inc.,El Monte,CA,05,Chicken Parts,1
M45080+P45080,Bas Foods Inc.,Hayward,CA,05,Chicken Parts,1
M45141+P45141,"Fieldsource Food Systems, Inc.",Brea,CA,05,Chicken Parts,1
M45179+P45179,Roger's Poultry,Los Angeles,CA,05,Chicken Parts,1
M45190+P45190,Garden Path Farms,Newburg,PA,60,Chicken Parts,NA
M451B+P451B,"Sterling Foods, Inc.",Opa Locka,FL,85,Chicken Parts,1
M45243+P45243,"Mama La's Kitchen, LLC",Houston,TX,40,Chicken Parts,1
M45288B+P45288B,FW Farms LLC.,Fort Worth,TX,40,Chicken Parts,1
M45317+P45317,Kitchen Cuts LLC.,Maywood,CA,05,Chicken Parts,NA
M45345+P45345,JRC Culinary Group Inc.,Irwindale,CA,05,Chicken Parts,3
M45407+P45407,Ameripack Foods LLC,Hughes Springs,TX,40,Chicken Parts,3
M45420+P45420,Dockside Seafood,San Juan,PR,85,Chicken Parts,NA
M45433+P45433,Halperns' Steak and Gary's Seafood,Orlando,FL,85,Chicken Parts,2
M45457+P45457,"J & Q Food, Inc.",Fort Worth,TX,40,Chicken Parts,3
M45479+P45479,"Rettland Farm, LLC",Gettysburg,PA,60,Chicken Parts,NA
M4548+P4548,Palmer Food Service,Rochester,NY,60,Chicken Parts,NA
M45484+P45484,Southern Hens Inc,Moselle,MS,90,Chicken Parts,1
M45525+P45525+V45525,Pine Creek Processing LLC,Ridgeland,WI,25,Chicken Parts,NA
M4553+P4553,"Alex & George Wholesale Meats, Inc.",Rochester,NY,60,Chicken Parts,NA
M45565+P45565,"Farm Fresh Foods, LLC",Guntersville,AL,90,Chicken Parts,1
M45594+P45594,"John's Meats, LLC",Brooklyn,NY,60,Chicken Parts,NA
M45597+P45597,Premier Custom Foods,Kansas City,KS,35,Chicken Parts,1
M45638+P45638,Trilogy Foods LLC,Gainesville,GA,85,Chicken Parts,1
M45652+P45652,Shah's Halal Food & Products Inc.,Jamaica,NY,60,Chicken Parts,1
M45687+P45687,Meat Palace Corp.,Brooklyn,NY,60,Chicken Parts,NA
M45690+P45690,Selim's Doner Kebap House L.P.,Dallas,TX,40,Chicken Parts,1
M45721+P45721,Perfecto Foods Inc.,Bell,CA,05,Chicken Parts,1
M45750+P45750,New York Meat and Fish Market,Bronx,NY,60,Chicken Parts,NA
M45754+P45754,"EL CHURRY, INC",SAN JUAN,PR,85,Chicken Parts,NA
M45769+P45769,Colorado Native Foods LLC,Denver,CO,15,Chicken Parts,1
M45798+P45798+V45798,"Del Monte Capitol Meat Company, LLC",Reno,NV,05,Chicken Parts,NA
M45848+P45848,Tanks Meats Inc.,Elmore,OH,50,Chicken Parts,NA
M45855+P45855,Interstate Foods Inc.,Compton,CA,05,Chicken Parts,3
M45884+P45884,Chef Creations LLC,Forest Park,GA,85,Chicken Parts,1
M45891+P45891,Kassian Farms LLC,Bronx,NY,60,Chicken Parts,1
M4592+P4592,Treasure Isle Foods,Mineola,NY,60,Chicken Parts,NA
M45989+P45989,Processadora La Esperanza Inc.,Barranquitas,PR,85,Chicken Parts,NA
M46089+P46089+V46089,Caribbean Crescent Inc.,Baltimore,MD,80,Chicken Parts,1
M46231+P46231,"Del Rey Meat & Seafood, Inc.",Anaheim,CA,05,Chicken Parts,1
M46248+P46248,"Slagel Family Meats, Inc.",Forrest,IL,50,Chicken Parts,NA
M4625+P4625,Ford Brothers Wholesale Meats Inc,West Valley,NY,60,Chicken Parts,NA
M46255+P46255,"Gemstone Ventures dba RCF, LLC or Gemstone Foods",Florence,AL,90,Chicken Parts,1
M46324A+P46324A+V46324A,Morning Star Poultry,Fort Plain,NY,60,Chicken Parts,1
M46411+P46411,Pacific Fresh Premium Meat,Tacoma,WA,15,Chicken Parts,NA
M46498+P46498,"Westminster Meat Packing, Inc.",Westminster,VT,60,Chicken Parts,NA
M46499+P46499,East West LLC,Landover,MD,80,Chicken Parts,NA
M46525+P46525,JD Meat Market,Bronx,NY,60,Chicken Parts,NA
M4653+P4653,A.A. Rubashkin & Sons,Brooklyn,NY,60,Chicken Parts,3
M4653A+P4653A+V4653A,"Agri Star Meat and Poultry, LLC",Postville,IA,25,Chicken Parts,1
M46689+P46689,Custom Cut Solutions,Albertville,AL,90,Chicken Parts,3
M46777+P46777,Bob's Processing Inc.,South Haven,MI,50,Chicken Parts,NA
M46828+P46828+V46828,Dean Street Processing,Bailey,NC,80,Chicken Parts,NA
M46835+P46835,"Megas Yeeros, LLC",Lyndhurst,NJ,80,Chicken Parts,2
M46910+P46910+V46910,B & R Meat Processing,Winslow,AR,35,Chicken Parts,NA
M4692+P4692,"Latina Boulevard Foods, LLC",Cheektowaga,NY,60,Chicken Parts,1
M46953+P46953,"Fresh Advantage / Demakes Enterprises, LLC",Danvers,MA,60,Chicken Parts,NA
M47039+P47039,QC Poultry,Montebello,CA,05,Chicken Parts,1
M47082+P47082,"Tawa Services, Inc.",Buena Park,CA,05,Chicken Parts,1
M47300+P47300,"VSM NY Distribution, LLC/Fairway Market Distribution Center",Bronx,NY,60,Chicken Parts,1
M47307+P47307,"Shahs Halal New Horizons Processing, Inc.",Amityville,NY,60,Chicken Parts,1
M47311+P47311,"CAPTAIN REDS, INC",Vernon,CA,05,Chicken Parts,NA
M47418+P47418,"Knights Butchering & Processing, LLC",Keysville,GA,85,Chicken Parts,NA
M47452+P47452,Glatt Organics LLC,Englewood,NJ,80,Chicken Parts,1
M47462+P47462,Colorado Food Enterprises Inc.,Denver,CO,15,Chicken Parts,NA
M47486+P47486,Ranchers Processing Inc.,Mendota,CA,05,Chicken Parts,3
M4750+P4750,"Giovanni Veal, Inc.",Woburn,MA,60,Chicken Parts,NA
M47579+P47579,Tyson Foods Inc.,Humboldt,TN,90,Chicken Parts,2
M47597+P47597,"Royalty Meats & Poultry, LLC",Rockaway,NJ,80,Chicken Parts,1
M47697+P47697,Kickin Chicken,Hardeeville,SC,85,Chicken Parts,1
M47793+P47793,Wycliff Douglas Provisions,Mesquite,TX,40,Chicken Parts,1
M47825+P47825,Mesa Foods,Rancho Cucamonga,CA,05,Chicken Parts,1
M47910+P47910,"Meat King, Inc.",Brooklyn,NY,60,Chicken Parts,1
M47921+P47921,Wright's Meat Processing INC.,Summerville,GA,85,Chicken Parts,NA
M47937+P47937,"US Meat Processing, LLC",Astoria,NY,60,Chicken Parts,1
M47988+P47988,The Meat Pointe LLC,Garfield,NJ,80,Chicken Parts,1
M4799+P4799,Mastroianni Food Distributor,Amsterdam,NY,60,Chicken Parts,NA
M4800+P4800+V4800,"Eddy Packing Co., Inc.",Yoakum,TX,40,Chicken Parts,1
M48109+P48109,Star Natural Meats LLC,Astoria,NY,60,Chicken Parts,1
M48119+P48119,Custom Craft Poultry,Batesville,AR,35,Chicken Parts,2
M48141+P48141,"Halperns' Steak and Seafood Company, LLC",Arlington,TX,40,Chicken Parts,1
M48156+P48156,Baily Meat LLC,Las Vegas,NV,05,Chicken Parts,NA
M48159+P48159+V48159,Regional Food Bank of Oklahoma,Oklahoma City,OK,40,Chicken Parts,NA
M48209+P48209,"Wholesum Foods, LLC",South El Monte,CA,05,Chicken Parts,3
M48235+P48235+V48235,"Crescent Specialty Foods, LLC",Farmingdale,NY,60,Chicken Parts,2
M4828+P4828,A.I. Foods Corporation,Los Angeles,CA,05,Chicken Parts,NA
M48281+P48281+V48281,"White Lake Foods, LLC",Ferndale,NY,60,Chicken Parts,1
M48286+P48286,Yassine Halal Food Corp,Astoria,NY,60,Chicken Parts,2
M4838+P4838,The Butcher Block Meats,San Diego,CA,05,Chicken Parts,NA
M4847+P4847,Win Fat Food LLC,Monterey Park,CA,05,Chicken Parts,1
M4871+P4871,Golden Eagle Services,South Gate,CA,05,Chicken Parts,1
M4873+P4873,"Commercial Meat Company, Inc.",Pico Rivera,CA,05,Chicken Parts,1
M4876+P4876,Luck Nabeshima,Montebello,CA,05,Chicken Parts,NA
M4894+P4894+V4894,Apple Valley Farms Inc.,Fresno,CA,05,Chicken Parts,2
M4934+P4934,T & J Sausage Kitchen,Anaheim,CA,05,Chicken Parts,1
M4985+P4985,"Modesto Food Distributors, Inc.",Hayward,CA,05,Chicken Parts,1
M4989+P4989+V4989,"K&M Meat Packing Co., Inc.",Vernon,CA,05,Chicken Parts,NA
M5097+P5097,"Bayside Foods, Inc.",PROVIDENCE,RI,60,Chicken Parts,2
M51212+P51212+V51212,Crossing Storage Services Inc.,Vernon,CA,05,Chicken Parts,NA
M51255+P51255,Natural State Processing,Clinton,AR,35,Chicken Parts,1
M51354+P51354,Select Cut Meat Processing,Chicago,IL,50,Chicken Parts,2
M5141+P5141,King Solomon Foods inc.,Brooklyn,NY,60,Chicken Parts,NA
M5142+P5142,Washington Avenue Poultry,Brooklyn,NY,60,Chicken Parts,1
M5200+P5200+V5200,"Prime Food Distributor, Inc.",Port Washington,NY,60,Chicken Parts,NA
M5221+P5221,"Home Food Services of PA, Inc.",Bristol,PA,60,Chicken Parts,NA
M5275+P5275,Lupo's Quality Deli,Endicott,NY,60,Chicken Parts,1
M5294+P847,Green Tree Foodservice,Passaic,NJ,80,Chicken Parts,NA
M5369+P5369,"Numeat Packing, Inc.",San Juan,PR,85,Chicken Parts,NA
M53881+P53881,"Mucca, Inc.",Gardena,CA,05,Chicken Parts,NA
M5477+P5477,"Unity Beef Sausage Co., Inc.",Newark,NJ,80,Chicken Parts,NA
M5489+P5489,"New Jersey Veal Co., Inc.",Garfield,NJ,80,Chicken Parts,1
M549+P549,"Tyson Foods, Inc.",Springdale,AR,35,Chicken Parts,NA
M550+P18178+V18178,Sterling Pacific Meat Co.,Commerce,CA,05,Chicken Parts,1
M5553+P5553,"Del Gould Meats, Inc.",Lincoln,NE,15,Chicken Parts,NA
M56+P56,Pilgrim's Pride Corporation,TIMBERVILLE,VA,80,Chicken Parts,1
M5819+P5819+V5819,Gourmet Ranch,Houston,TX,40,Chicken Parts,2
M5837+P5837,"Simmons Prepared Foods, Inc.",Van Buren,AR,35,Chicken Parts,2
M5842+P5842+V5842,"Tyson Foods, Inc.",Springdale,AR,35,Chicken Parts,1
M5891+P5891,E&H Distributing LLC,LAS VEGAS,NV,05,Chicken Parts,NA
M5929+P5929,Wayne Meat Corporation,Wayne,NJ,80,Chicken Parts,NA
M6010T+P6010T+V6010T,"National Steak Processors (2024), LLC.",Owasso,OK,40,Chicken Parts,1
M6028A+P4114+V6028A,West Coast Prime Meats LLC,Brea,CA,05,Chicken Parts,1
M6052+P6052,CREATIVE FOOD PROCESSING,SANTA CLARA,CA,05,Chicken Parts,NA
M6070+P6070,Los Angeles Poultry,Los Angeles,CA,05,Chicken Parts,1
M6075+P6075+V6075,"E.C. Wilson Co., Inc.",Brier,WA,15,Chicken Parts,2
M6090+P6090,Rogers Poultry,Los Angeles,CA,05,Chicken Parts,1
M6119+P6119,C.R. Meats,Oakland,CA,05,Chicken Parts,NA
M6124+P6124+V6124,"Compass Foods, Inc.",Modesto,CA,05,Chicken Parts,2
M6137+P6137,"Foster Poultry Farms, LLC",Livingston,CA,05,Chicken Parts,2
M6153+P6153,Seaport Meat Co.,Spring Valley,CA,05,Chicken Parts,NA
M6239+P6239+V6239,Shamrock Foods Company,Phoenix,AZ,05,Chicken Parts,1
M6267+P6267,Interbay Food Company,Woodinville,WA,15,Chicken Parts,1
M6313+P6313,"Savenor's Supply Company, Inc.",Cambridge,MA,60,Chicken Parts,NA
M6366+P6366,"Mid-Town Favorite Beef, LLC",Fitchburg,MA,60,Chicken Parts,NA
M6396+P6396,"Dom's Sausage Co., Inc.",Malden,MA,60,Chicken Parts,NA
M6426+P6426+V6426,"Tcm, Inc.,",Olympia,WA,15,Chicken Parts,NA
M6444+P6444+V6444,"Angus Meats, Inc.",Spokane,WA,15,Chicken Parts,NA
M6574+P6574,"GWB, LLC",Fort Lauderdale,FL,85,Chicken Parts,1
M6640+P6640,"Kabobs Aquisition, LLC",Lake City,GA,85,Chicken Parts,NA
M6645+P6645,Carolina Fresh Foods,Florence,SC,85,Chicken Parts,1
M667+P667,Mountaire Farms Inc.,Selbyville,DE,80,Chicken Parts,1
M6765+P6765,Wichita Packing Company,Chicago,IL,50,Chicken Parts,NA
M6916+P6916+V6916,Amity Packing Co. Inc.,Chicago,IL,50,Chicken Parts,1
M6934+P6934,Stap Inc.,Wheeling,IL,50,Chicken Parts,2
M6987+P6987,Weinstein Wholesale Meats Inc,Forest Park,IL,50,Chicken Parts,NA
M7091A+P7091A,Pilgrim's Pride Corporation,Mount Pleasant,TX,40,Chicken Parts,2
M7100+P7100+V7100,"Tyson Foods, Inc.",Nashville,AR,35,Chicken Parts,1
M7147+P7147+V7147,4G Meat Processing LLC,Kansas City,MO,35,Chicken Parts,1
M7231+P7231,HEB Meat Plant,San Antonio,TX,40,Chicken Parts,2
M7271+P7271,"C & L Foods, Inc.",Dallas,TX,40,Chicken Parts,1
M737+P737,House of Raeford - Wallace Div,Teachey,NC,80,Chicken Parts,1
M7424+P184,Pilgrim's Pride Corporation,Elberton,GA,85,Chicken Parts,1
M7428+P7428+V7428,"Joyce Foods, Inc.",Winston Salem,NC,80,Chicken Parts,2
M7460+P7460,Waltkoch LTD,Gainesville,GA,85,Chicken Parts,NA
M7470+P7470,Mountaire Farms Inc. - NC Division,Lumber Bridge,NC,80,Chicken Parts,1
M7471+P7471,"State Street Poultry & Provisions, LLC",Baltimore,MD,80,Chicken Parts,2
M7478+P1,"Tyson Foods, Inc.",Wilkesboro,NC,80,Chicken Parts,1
M7559+P134+V7559,David Elliot Poultry Farm Inc.,Scranton,PA,60,Chicken Parts,3
M7567+P7567,Wegmans Food Markets,Rochester,NY,60,Chicken Parts,2
M7697+P7697+V7697,"Castle Rock Meats, Inc.",Denver,CO,15,Chicken Parts,NA
M7817+P7817,US Foods Inc,Blasdell,NY,60,Chicken Parts,NA
M7831+P7831+V7831,"Milmar Food Group II, LLC",Goshen,NY,60,Chicken Parts,NA
M7900+P7900,"Prestige Farms, Inc.",Charlotte,NC,80,Chicken Parts,1
M7964+P7964,Columbia Meats. Inc.,West Columbia,SC,85,Chicken Parts,NA
M8030+P8030+V8030,Jim David Farm Fresh Meats,Uniontown,KY,90,Chicken Parts,NA
M810+P810,Pilgrim's Pride Corporation,Moorefield,WV,80,Chicken Parts,1
M8118+P8118+V8118,"Wasatch Meats, Inc.",Salt Lake City,UT,15,Chicken Parts,NA
M8139+P8139,Red Bird Farms Dist. Co.,Englewood,CO,15,Chicken Parts,1
M8274+P8274,"Pacific Seafood - Sacramento, LLC",Sacramento,CA,05,Chicken Parts,NA
M829+P829,"Juniper Creek Farms, LLC",Poplarville,MS,90,Chicken Parts,NA
M8328+P8328,Halperns' Steak and Seafood,Fort Lauderdale,FL,85,Chicken Parts,1
M8364+P8364,Farmers Produce,Chambersburg,PA,60,Chicken Parts,NA
M8389+P8389+V8389,Pasqualichio Bros. Inc.,Jessup,PA,60,Chicken Parts,1
M8403+P8403,Preston St. Poultry,Louisville,KY,90,Chicken Parts,NA
M8406+P8406+V8406,Mennella'a Poultry,Paterson,NJ,80,Chicken Parts,1
M8466+P8466,Catelli Brothers,Sutton,MA,60,Chicken Parts,3
M8777+P8777,London Manhattan Corp.,Bronx,NY,60,Chicken Parts,NA
M8839+P8839,"Warwick Poultry Co., Inc.",Providence,RI,60,Chicken Parts,NA
M8855+P8855,Wilson Beef Farms LLC,Canaseraga,NY,60,Chicken Parts,NA
M8876+P8876,"NAT KAGAN MEAT & POULTRY, INC.",WOODRIDGE,NY,60,Chicken Parts,NA
M8899+P8899,George L. Wells Meat Company,Philadelphia,PA,60,Chicken Parts,NA
M8951+P8951+V8951,Quality Meats and Culinary Specialties,Detroit,MI,50,Chicken Parts,NA
M8983+P8983,"Sysco Western Minnesota, Inc.",St Cloud,MN,25,Chicken Parts,NA
M9120+P9120,Homestead Knoxville LLC,Knoxville,TN,90,Chicken Parts,1
M9141+P9141,Koch Foods of Mississippi,Forest,MS,90,Chicken Parts,2
M9211+P9211,"T & T Foods, Inc.",Vernon,CA,05,Chicken Parts,1
M9305+P9305,"Ray's Wholesale Meats, Inc.",Union Gap,WA,15,Chicken Parts,NA
M9432+P9432+V9432,US Foods Inc,Greensburg,PA,60,Chicken Parts,NA
M9681+P9681,Clair D Thompson & Son's Inc,Jersey Shore,PA,60,Chicken Parts,NA
M9684+P9684,"KFS LFG, LLC",Millerton,PA,60,Chicken Parts,1
M9778+P9870,Schiff's Food Service,Taylor,PA,60,Chicken Parts,NA
M9783+P8422,"Schiff's Restaurant Service, Inc.",Scranton,PA,60,Chicken Parts,NA
M9977+P1325,"Tyson Foods, Inc.",New Holland,PA,60,Chicken Parts,NA
P1009,Wayne Farms LLC,Danville,AR,35,Chicken Parts,1
P1012,"Hodie Meats, INC",Alto,GA,85,Chicken Parts,1
P1137,"Tyson Foods, Inc.",Seguin,TX,40,Chicken Parts,1
P1235,Wayne Farms LLC,Decatur,AL,90,Chicken Parts,1
P1243,"Perdue Foods, LLC.",Rockingham,NC,80,Chicken Parts,2
P1249,"George's Chicken, LLC",Edinburg,VA,80,Chicken Parts,2
P1250,Fieldale Farms Corporation,Cornelia,GA,85,Chicken Parts,3
P1254+V1254,"Koch Foods of Ashland, LLC",Ashland,AL,90,Chicken Parts,NA
P1257,Fieldale Farms Corporation,Murrayville,GA,85,Chicken Parts,2
P1272,Pilgrim's Pride Corporation,Douglas,GA,85,Chicken Parts,1
P1284,Pilgrim's Pride Corporation,Canton,GA,85,Chicken Parts,1
P1294+V1294,Holmes Foods Inc.,Nixon,TX,40,Chicken Parts,1
P1307,Mar-Jac Poultry-AL,Jasper,AL,90,Chicken Parts,2
P1309,House of Raeford Farms Inc.,Greenville,SC,85,Chicken Parts,1
P1315,"Tyson Foods, Inc.",Monett,MO,35,Chicken Parts,2
P1317+V1317,Wayne Farms LLC,Albertville,AL,90,Chicken Parts,1
P1318,"Perdue Foods, LLC",Milford,DE,80,Chicken Parts,1
P13369+V13369,"George's Processing, Inc.",Cassville,MO,35,Chicken Parts,1
P1353,Pilgrim's Pride Corporation,Chattanooga,TN,90,Chicken Parts,1
P13584+V13584,George's Further Processing,Springdale,AR,35,Chicken Parts,1
P1480,"Tip Top Poultry, Inc.",Marietta,GA,85,Chicken Parts,1
P1525,"Samuel Holmes, Inc.",Everett,MA,60,Chicken Parts,2
P15724+V15724,Case Farms Processing,Winesburg,OH,50,Chicken Parts,2
P1605,"Tide Mill Organic Farm, LLC",Edmunds Twp,ME,60,Chicken Parts,NA
P164,"Tyson Foods, Inc.",Forest,MS,90,Chicken Parts,2
P165H,Bachoco OK Foods,Heavener,OK,40,Chicken Parts,1
P165M+V165M,Bachoco OK Foods,Muldrow,OK,35,Chicken Parts,1
P165S+V165S,Bachoco OK Foods,Fort Smith,AR,35,Chicken Parts,1
P170,Wayne Farms LLC,Pendergrass,GA,85,Chicken Parts,1
P17336,"ROYAL POULTRY, INC.",CRANSTON,RI,60,Chicken Parts,1
P17340,Pilgrim's Pride Corporation,Hickory,KY,90,Chicken Parts,2
P17500,Pilgrim's Pride Corporation,Russellville,AL,90,Chicken Parts,1
P177,Pilgrim's Pride Corporation,Gainesville,GA,85,Chicken Parts,1
P1788+V1788,Steadfast Farms Poultry Processing & Slaughter LLC,Bethlehem,CT,60,Chicken Parts,NA
P17966+V17966,"HVFG, LLC",Ferndale,NY,60,Chicken Parts,NA
P18285,Perdue Foods LLC,Dillon,SC,85,Chicken Parts,3
P18414,MB Consultants LTD,South Fallsburg,NY,60,Chicken Parts,1
P18438B,"Dupont Market, Inc. dba Grimaud Farms",Stockton,CA,05,Chicken Parts,NA
P18491,"EASTERN SHORE POULTRY COMPANY, INC",GEORGETOWN,DE,80,Chicken Parts,1
P18557,"Sanderson Farms, Inc.",Summit,MS,90,Chicken Parts,1
P18978,Misty Knoll Farms,New Haven,VT,60,Chicken Parts,1
P19112,Perdue Foods LLC,Cromwell,KY,90,Chicken Parts,1
P19128,Case Farms Processing,Dudley,NC,80,Chicken Parts,2
P19150+V19150,La Belle Farm Inc,Ferndale,NY,60,Chicken Parts,3
P19152+V19152,Koch Foods LLC,Morristown,TN,90,Chicken Parts,1
P192,Pilgrim's Pride Corporation,Guntersville,AL,90,Chicken Parts,1
P19378,Koch Foods of Cumming,Cumming,GA,85,Chicken Parts,2
P1938,Frango Mineiro Live Butcher Shop LLC,Warwick,MD,80,Chicken Parts,NA
P19456A,"Rio Star Foods, Inc.",Dallas,TX,40,Chicken Parts,1
P1949,"Simmons Prepared Foods, Inc.",Gentry,AR,35,Chicken Parts,1
P19514,"Tyson Foods, Inc.",Robards,KY,90,Chicken Parts,1
P19688+V19688,"Sanderson Farms, Inc.",Bryan,TX,40,Chicken Parts,1
P1978,Pasture Raised Foods LLC,Elgin,TX,40,Chicken Parts,3
P19865+V19865,House of Raeford Farms of LA,Arcadia,LA,40,Chicken Parts,1
P19871,Filet of Chicken,Forest Park,GA,85,Chicken Parts,1
P20245,"Keystone Foods, LLC",Albany,KY,90,Chicken Parts,2
P20256,Broomes Poultry,Albemarle,NC,80,Chicken Parts,1
P206+V206,Pilgrim's Pride Corporation,Nacogdoches,TX,40,Chicken Parts,1
P20699A,"Alatrade Foods, Inc.",Boaz,AL,90,Chicken Parts,2
P208+V208,"George's Processing, Inc.",Springdale,AR,35,Chicken Parts,1
P21234,Perdue Foods LLC,Perry,GA,85,Chicken Parts,2
P2178,PERDUE FOODS LLC,Georgetown,DE,80,Chicken Parts,1
P218,Pilgrim's Pride Corporation,Lufkin,TX,40,Chicken Parts,1
P2186,"GEORGE'S FOODS, LLC",HARRISONBURG,VA,80,Chicken Parts,2
P2191,Stearns Poultry Farm,Alfred Station,NY,60,Chicken Parts,NA
P2372,DRR Processing LLC,Burton,TX,40,Chicken Parts,NA
P243,"Tyson Foods, Inc.",Cumming,GA,85,Chicken Parts,1
P247,"Sanderson Farms, Inc. (Processing Div)",Hazlehurst,MS,90,Chicken Parts,1
P2632,Pilgrim's Pride Corporation,Live Oak,FL,85,Chicken Parts,1
P2686,"Keystone Foods, LLC",Camilla,GA,85,Chicken Parts,1
P27+V27,"Tyson Foods, Inc.",Grannis,AR,35,Chicken Parts,1
P2882,Perdue Foods LLC,Petaluma,CA,05,Chicken Parts,3
P2894,House of Raeford Vienna,Vienna,GA,85,Chicken Parts,1
P308,Koch Foods of Mississippi,Morton,MS,90,Chicken Parts,1
P31881+V31881,"DG Foods, LLC",Hazlehurst,MS,90,Chicken Parts,3
P32,"Mar-Jac Poultry, Inc.",Gainesville,GA,85,Chicken Parts,1
P320,"Sanderson Farms, Inc.",Laurel,MS,90,Chicken Parts,1
P32143,Otto's Poultry Inc.,Middleville,MI,50,Chicken Parts,3
P32174,"Alatrade Foods, Inc.",Albertville,AL,90,Chicken Parts,2
P32182,"Sanderson Farms, Inc.",Moultrie,GA,85,Chicken Parts,1
P325,"Tyson Foods, Inc.",Center,TX,40,Chicken Parts,1
P3302,Cluck Ya Poultry,Gardiner,ME,60,Chicken Parts,NA
P33900+V33900,"Case Farms, Processing",Farmerville,LA,40,Chicken Parts,1
P34084,Edmunds Foods,Dahlonega,GA,85,Chicken Parts,3
P341,Golden Rod Broilers,Cullman,AL,90,Chicken Parts,NA
P34308,"Sanderson Farms, Inc.",Waco,TX,40,Chicken Parts,1
P34453,"Alatrade Foods, Inc.",Phenix City,AL,90,Chicken Parts,1
P34805,Gold Creek Processing LLC,Gainesville,GA,85,Chicken Parts,1
P38555,Anco Poultry Processing,Garnett,KS,35,Chicken Parts,NA
P39,Pine Manor Inc.,Orland,IN,50,Chicken Parts,3
P39915+V39915,"LOCUST POINT FARMS, LLC",ELKTON,MD,80,Chicken Parts,3
P40,Pilgrim's Pride Corporation,Ellijay,GA,85,Chicken Parts,2
P40124,Gold Creek Processing LLC,Gainesville,GA,85,Chicken Parts,1
P40183,"Sanderson Farms, Inc.",Kinston,NC,80,Chicken Parts,1
P40345,Misty Lea Farm Poultry Processing,Pembroke,KY,90,Chicken Parts,1
P419,"Case Farms Processing, Inc.",Morganton,NC,80,Chicken Parts,1
P44097,"DG Foods, LLC",Bastrop,LA,40,Chicken Parts,1
P445,"Wayne Farms, LLC",Dobson,NC,80,Chicken Parts,1
P44817,"Chick-A-Ray Poultry & Egg Co., Inc.",Albemarle,NC,80,Chicken Parts,1
P44826,Case Farms Processing,Canton,OH,50,Chicken Parts,1
P44935,Gold Creek Processing LLC,Gainesville,GA,85,Chicken Parts,2
P44974+V44974,Goffle Road Poultry Farm,Wyckoff,NJ,80,Chicken Parts,NA
P44992,Windy Meadows Family Farm,Campbell,TX,40,Chicken Parts,3
P45342+V45342,"Munsell's Poultry Processing, LLC",Fowlerville,MI,50,Chicken Parts,NA
P45379,"Brakebush Hartwell, LLC",Hartwell,GA,85,Chicken Parts,3
P45483,"Peco Foods, Inc.",Pocahontas,AR,35,Chicken Parts,1
P45910,"Sanderson Farms, Inc.",St Pauls,NC,80,Chicken Parts,1
P46027,"Gold Creek Processing, LLC",Gainesville,GA,85,Chicken Parts,1
P4602A,"NEW MARKET POULTRY, LLC",NEW MARKET,VA,80,Chicken Parts,1
P46091,"Ozark Mountain Poultry, Inc.",Batesville,AR,35,Chicken Parts,1
P46183,C &S Poultry,Monterey Park,CA,05,Chicken Parts,1
P46213,Burgundy Pasture Poultry LLC,Hillsboro,TX,40,Chicken Parts,1
P46338,"Allen Harim Foods, LLC",Millsboro,DE,80,Chicken Parts,2
P46374,Sanderson Farms Processing Inc. Tyler Processing Division,Tyler,TX,40,Chicken Parts,1
P46379+V46379,"Peco Foods, Inc",West Point,MS,90,Chicken Parts,1
P46672,Norman W. Fries,Sylvania,GA,85,Chicken Parts,1
P468,"Peco Foods, Inc.",Batesville,AR,35,Chicken Parts,1
P46826,SHENANDOAH VALLEY ORGANIC,Harrisonburg,VA,80,Chicken Parts,2
P46826A,"Shenandoah Valley Organic, LLC",Harrisonburg,VA,80,Chicken Parts,3
P46897,"IHSAN FARMS, IIC",PRINCESS ANNE,MD,80,Chicken Parts,3
P46973,Zahran Import Export Wholesale Inc.,Long Island City,NY,60,Chicken Parts,3
P47016,"The Best Dressed Chicken, Inc.",Ward,SC,85,Chicken Parts,2
P47394,Poultry Processing of Atlanta,Loganville,GA,85,Chicken Parts,NA
P47591,Custom Craft Poultry,Little Rock,AR,35,Chicken Parts,3
P476,Pilgrim's Pride Corporation,Carrollton,GA,85,Chicken Parts,2
P47629,"Soulshine Farms, LLC",Gainesville,GA,85,Chicken Parts,2
P47824,Regenerative Agriculture Alliance,Stacyville,IA,25,Chicken Parts,NA
P47981,Carolina Precision Foods,Florence,SC,85,Chicken Parts,1
P48304,Lincoln Premium Poultry,Fremont,NE,15,Chicken Parts,2
P48471,Soulshine Farms LLC,Gainesville,GA,85,Chicken Parts,1
P486,"Simmons Prepared Foods, Inc.",Siloam Springs,AR,35,Chicken Parts,2
P509,Koch Foods LLC,Morristown,TN,90,Chicken Parts,2
P510,House Of Raeford Farms,Rose Hill,NC,80,Chicken Parts,1
P51179+V51179,"Sanderson Farms, Inc.",Palestine,TX,40,Chicken Parts,1
P51345,Pearl River Foods,Carthage,MS,90,Chicken Parts,2
P517,Mar-Jac Poultry-MS,Hattiesburg,MS,90,Chicken Parts,1
P519,Amick Farms LLC,Laurel,MS,90,Chicken Parts,1
P522,"Sanderson Farms, Inc. (Processing Div)",Collins,MS,90,Chicken Parts,1
P529+V529,Pilgrim's Pride Corporation,Arcadia,WI,25,Chicken Parts,1
P533A,"Table Trust Brands, LLC",Fredericksburg,PA,60,Chicken Parts,1
P548,"JCG  Foods of Alabama, LLC",Collinsville,AL,90,Chicken Parts,1
P559,"Tyson Foods, Inc.",Albertville,AL,90,Chicken Parts,1
P5787,Pilgrim's Pride Corporation,Natchitoches,LA,40,Chicken Parts,2
P5840,"Simmons Prepared Foods, Inc.",Fort Smith,AR,35,Chicken Parts,2
P6058,Perdue Foods LLC,Mount Vernon,WA,15,Chicken Parts,2
P607,"Tyson Foods, Inc.",Rogers,AR,35,Chicken Parts,1
P6137A,"Foster Poultry Farms, LLC",Fresno,CA,05,Chicken Parts,3
P6164A,"Foster Poultry Farms, LLC",Kelso,WA,15,Chicken Parts,3
P622,"Tyson Foods, Inc.",Monroe,NC,80,Chicken Parts,1
P646,"JCG Foods of Georgia, LLC",Pine Mt Valley,GA,85,Chicken Parts,1
P6504,"Peco Foods, Inc.",Tuscaloosa,AL,90,Chicken Parts,1
P6505,"Norman W. Fries, Inc.",Claxton,GA,85,Chicken Parts,1
P6510,"Peco Foods, Inc",Bay Springs,MS,90,Chicken Parts,1
P6519B,"Coastal Processing, LLC",Louisville,GA,85,Chicken Parts,1
P6529,"Koch Foods of  Montgomery, AL",Montgomery,AL,90,Chicken Parts,1
P6616+V6616,"Peco Foods, Inc.",Sebastopol,MS,90,Chicken Parts,1
P6638,Pilgrim's Pride Corporation,Enterprise,AL,90,Chicken Parts,2
P6651,Tyson Foods Inc.,Shelbyville,TN,90,Chicken Parts,1
P6666,"Koch Foods of Gadsden, LLC",Gadsden,AL,90,Chicken Parts,1
P6719+V6719,Pilgrim's Pride Corporation,Chattanooga,TN,90,Chicken Parts,1
P687,House of Raeford,West Columbia,SC,85,Chicken Parts,1
P7044,"Tyson Foods, Inc.",Carthage,TX,40,Chicken Parts,1
P705,Pilgrim's Pride Corporation,De Queen,AR,35,Chicken Parts,1
P7085+V7085,"Tyson Foods, Inc",Broken Bow,OK,40,Chicken Parts,2
P7091,Pilgrim's Pride Corporation,Mount Pleasant,TX,40,Chicken Parts,1
P7101,"Tyson Foods, Inc.",Clarksville,AR,35,Chicken Parts,1
P7156+V7156,"Tyson Foods, Inc.",Hope,AR,35,Chicken Parts,1
P72,"Tyson Foods, Inc",Dardanelle,AR,35,Chicken Parts,1
P7264+V7264,"Sanderson Farms, Inc.",Hammond,LA,40,Chicken Parts,1
P727+V727,"Simmons Prepared Foods, Inc.",South West City,MO,35,Chicken Parts,1
P7342+V7342,Wayne Farms LLC,Dothan,AL,90,Chicken Parts,1
P7374,"To-Ricos, Ltd.",Aibonito,PR,85,Chicken Parts,1
P7485+V7485,Wayne Farms LLC,Jack,AL,90,Chicken Parts,1
P758,"Tyson Foods, Inc",Carthage,MS,90,Chicken Parts,2
P7632,"Foster Poultry Farms, LLC",Fresno,CA,05,Chicken Parts,2
P764,"Perdue Foods, LLC",Salisbury,MD,80,Chicken Parts,1
P768+V768,"Tyson Foods, Inc.",Waldron,AR,35,Chicken Parts,1
P7903,"Perdue Foods, LLC",Accomac,VA,80,Chicken Parts,1
P7927,"AMICK FARMS, LLC",HURLOCK,MD,80,Chicken Parts,1
P794,"B&B Poultry Co., Inc.",Norma,NJ,80,Chicken Parts,3
P7987,Amick Farms LLC.,Batesburg,SC,85,Chicken Parts,1
P806,"Tyson Foods, Inc.",Temperanceville,VA,80,Chicken Parts,1
P8107+V8107,Squab Producers Of California,Modesto,CA,05,Chicken Parts,1
P8369,"Oaks Poultry Co., Inc.",Stoystown,PA,60,Chicken Parts,NA
P843,Pilgrim's Pride Corporation,Marshville,NC,80,Chicken Parts,1
P855,Pilgrim's Pride Corporation,Athens,GA,85,Chicken Parts,NA
P855D,Pilgrim's Pride Corporation,Athens,GA,85,Chicken Parts,1
P8895,Wendel's Poultry Farm,East Concord,NY,60,Chicken Parts,NA
P890,"Peco Foods, Inc.",Canton,MS,90,Chicken Parts,2
P9002,A. Tarantino & Sons,San Francisco,CA,05,Chicken Parts,NA
P910,"Harrison Poultry, Inc.",Bethlehem,GA,85,Chicken Parts,1
P912,Wayne Farms LLC,Union Springs,AL,90,Chicken Parts,1
P9181,Koch Foods of Gainesville GA,Gainesville,GA,85,Chicken Parts,1
P9197,"Perdue Foods, LLC.",Lewiston Woodville,NC,80,Chicken Parts,2
P935,Allen Harim LLC,Harbeson,DE,80,Chicken Parts,1
P9378+V9378,Baffoni's Poultry Farm Inc.,Johnston,RI,60,Chicken Parts,NA
P9917,Philadelphia Poultry Incorporated,Philadelphia,PA,60,Chicken Parts,1
M10017+P10017,Bert Hazekamp & Son Inc.,Muskegon,MI,50,Comminuted Chicken,3
M10307+P10307,"J.G. Food Products, Inc.",Shelby Township,MI,50,Comminuted Chicken,NA
M1160+P9207,Rocker Bros. Meat & Provision Inc.,Inglewood,CA,05,Comminuted Chicken,NA
M12604+P12604,Mulberry Farms Inc.,Gainesville,GA,85,Comminuted Chicken,3
M12610+P12610,Productos El Jibarito,Morovis,PR,85,Comminuted Chicken,NA
M13016+P13016+V13016,"City Meat Steak Co., Inc.",Houston,TX,40,Comminuted Chicken,NA
M13199+P13199,Chorizo de San Manuel Inc.,Edinburg,TX,40,Comminuted Chicken,NA
M13525+P13525,Poche's,Breaux Bridge,LA,40,Comminuted Chicken,NA
M1542+P1542,Isernio's Sausage Co.,Kent,WA,15,Comminuted Chicken,2
M1638+P1638,"Kemin Proteins, LLC",Verona,MO,35,Comminuted Chicken,NA
M1655+P1655+V1655,"Rashbe Holdings, Inc.",Birdsboro,PA,60,Comminuted Chicken,NA
M17074+P17074,A. Gimenez Trading LLC,Oak Ridge,NJ,80,Comminuted Chicken,NA
M1721+P6404,Redondo's LLC,Waipahu,HI,15,Comminuted Chicken,NA
M17217A+P6403A+V17217A,Plymouth Poultry Co.,Auburn,WA,15,Comminuted Chicken,2
M17395+P17395,50th State Poultry,Pearl City,HI,15,Comminuted Chicken,NA
M17428+P17428,Cascioppo Meats,Kirkland,WA,15,Comminuted Chicken,NA
M17480+P17480,Ramar International Corporation,Pittsburg,CA,05,Comminuted Chicken,NA
M1791+P27353,"Best Chicago Meat Company, LLC",Chicago,IL,50,Comminuted Chicken,3
M18237+P18237,"Vital Foods, LLC",Abbeville,SC,85,Comminuted Chicken,3
M18370+P18370,Hometown Sausage Kitchen,East Troy,WI,25,Comminuted Chicken,NA
M18388+P18388,Kayem Foods Inc.,Woburn,MA,60,Comminuted Chicken,NA
M18506+P18506,Pride Enterprise Food Products,Raiford,FL,85,Comminuted Chicken,3
M18527+P18527,Prime Meats LLC,Tucker,GA,85,Comminuted Chicken,1
M18559+P18559+V18559,Grand Food,Hayward,CA,05,Comminuted Chicken,NA
M18596+P18596,K&L Ranch Inc.,Paterson,NJ,80,Comminuted Chicken,NA
M18600+P18600,Greco and Sons,Bartlett,IL,50,Comminuted Chicken,NA
M18667+P18667,Ellsworth Foods Inc.,Tifton,GA,85,Comminuted Chicken,NA
M18726+P18726,La Bella Sausage,Brooksville,FL,85,Comminuted Chicken,3
M1874+P1874,Mondo & Sons,Tukwila,WA,15,Comminuted Chicken,NA
M1882+P1882,"Danielson Food Products, Inc.",Chicago,IL,50,Comminuted Chicken,NA
M18820+P18820,"Mathew's Prime Meats, Inc.",West Babylon,NY,60,Comminuted Chicken,NA
M18835+P18835,"Grand Banks Specialty Food, LLC",Naugatuck,CT,60,Comminuted Chicken,NA
M18895+P18895,"US Foods, Inc.",Hawthorne,CA,05,Comminuted Chicken,NA
M18994+P18994,The 29ers Provisions,Los Angeles,CA,05,Comminuted Chicken,NA
M19113+P19113+G3748+V19113,"Stampede Culinary Partners, Inc.",Bridge View,IL,50,Comminuted Chicken,NA
M1947A+P1947A,Halperns' Steak and Seafood Company LLC,Kalamazoo,MI,50,Comminuted Chicken,NA
M19566A+P19566A,Mr. Pierogi,Brooklyn,NY,60,Comminuted Chicken,1
M1991+P1991,"Wonder Meats Snyder, LLC",Snyder,NE,15,Comminuted Chicken,NA
M19916+P8117+V19916,Salt Lake Fine Foods,Salt Lake City,UT,15,Comminuted Chicken,NA
M20091+P20091,Country Ranch Food Products,Marietta,GA,85,Comminuted Chicken,NA
M20204+P20204+V20204,Denmark Sausage LLC,Peoria,AZ,05,Comminuted Chicken,1
M20887+P20887,Crescent Foods,Chicago,IL,50,Comminuted Chicken,NA
M21207+P21207+V21207,Lorentz Etc. Inc.,Cannon Falls,MN,25,Comminuted Chicken,NA
M21254+P21254,"William & Co., Inc.",Boston,MA,60,Comminuted Chicken,NA
M21444+P21444,Uli's Famous Sausage LLC,Seattle,WA,15,Comminuted Chicken,NA
M21725A+P21725A,GP Food Company,Temple City,CA,05,Comminuted Chicken,NA
M2194+P2194,Pat's Pastured,East Greenwich Road,RI,60,Comminuted Chicken,NA
M2199+P2199,"Omni Custom Meats, Inc.",Bowling Green,KY,90,Comminuted Chicken,NA
M2510+P2510+V2510,Best Choice Meats,Alsip,IL,50,Comminuted Chicken,NA
M27288+P27288,DuBonilha Sausage Company,Newark,NJ,80,Comminuted Chicken,NA
M27349+P27349,"Toluca Mexican Style Food Products, LLC",Baltimore,MD,80,Comminuted Chicken,NA
M27389+P27389+V27389,Pitman Farms,Sanger,CA,05,Comminuted Chicken,3
M27505+P27505,"Gold Creek Processing, LLC",Dawsonville,GA,85,Comminuted Chicken,1
M2840B+P2840B,Golden Gate Meat Company,Richmond,CA,05,Comminuted Chicken,NA
M2886+P2886,SP Provisions,Portland,OR,15,Comminuted Chicken,NA
M2932+P2932,Gotham Gourmet Provisions LLC,East Hanover,NJ,80,Comminuted Chicken,NA
M2933+P2933+V2933,"Syracuse Food Group, LLC",Ponder,TX,40,Comminuted Chicken,3
M3076+P3076+V3076,Kingdom Farms,Chicago,IL,50,Comminuted Chicken,NA
M31727+P31727+V31727A,Kiryas Joel Poultry Processing Plant,Monroe,NY,60,Comminuted Chicken,NA
M31843+P31843,James River Correctional Ctr.,State Farm,VA,80,Comminuted Chicken,3
M31932+P31932,Certified Meat Products,Fresno,CA,05,Comminuted Chicken,NA
M32170+P32170,Ganaderos Borges,Naguabo,PR,85,Comminuted Chicken,NA
M33861+P33861,Standard Meat Company,Saginaw,TX,40,Comminuted Chicken,NA
M34009+P34009,Washington Lamb Inc,Lorton,VA,80,Comminuted Chicken,NA
M34145+P34145,"Kadejan, Inc.",Glenwood,MN,25,Comminuted Chicken,NA
M38521+P38521,Ornna Brazilian Sausage Corp.,Orlando,FL,85,Comminuted Chicken,NA
M4111+P4111+V4111,"Wycen Foods, Inc.",San Leandro,CA,05,Comminuted Chicken,NA
M412+P412,Alpine Meats Inc.,Stockton,CA,05,Comminuted Chicken,NA
M4187+P4187+V4187,"Wayne Provisions Company, Inc.",Vernon,CA,05,Comminuted Chicken,NA
M4255+P4255,Mineo and Sapio's,Buffalo,NY,60,Comminuted Chicken,NA
M42886+P42886,EDCA Foods,Modesto,CA,05,Comminuted Chicken,NA
M4365+P4365,"Frank Wardynski & Sons, Inc.",Buffalo,NY,60,Comminuted Chicken,NA
M4398+P4398,"DiLuigi Foods, Inc",Danvers,MA,60,Comminuted Chicken,2
M44121+P44121,Pelleh Poultry Corp.,Swan Lake,NY,60,Comminuted Chicken,NA
M4445+P4445,Picone Meat Specialties LTD,Mamaroneck,NY,60,Comminuted Chicken,NA
M4460+P4460+V4460,Great American Foods,Newark,NJ,80,Comminuted Chicken,NA
M44941+P44941,"Alcor Foods, Inc.",Bayamon,PR,85,Comminuted Chicken,NA
M44946+P44946,Romeo Foods Inc,Brooklyn,NY,60,Comminuted Chicken,NA
M44976+P44976,Empacadora y Procesadora del Sur,Coamo,PR,85,Comminuted Chicken,NA
M45080+P45080,Bas Foods Inc.,Hayward,CA,05,Comminuted Chicken,NA
M45243+P45243,"Mama La's Kitchen, LLC",Houston,TX,40,Comminuted Chicken,NA
M45348+P45348,NGPM Food Products,Aibonito,PR,85,Comminuted Chicken,NA
M45476+P45476,"Fresno Meat Cuts, LLC",Fresno,CA,05,Comminuted Chicken,NA
M45638+P45638,Trilogy Foods LLC,Gainesville,GA,85,Comminuted Chicken,3
M45640+P45640,Brazilian Taste,Lexington,SC,85,Comminuted Chicken,NA
M4651+P4651,LaFrieda Meats Inc.,North Bergen,NJ,80,Comminuted Chicken,NA
M46594+P46594,"DTF Prep Seattle, LLC",Seattle,WA,15,Comminuted Chicken,NA
M46777+P46777,Bob's Processing Inc.,South Haven,MI,50,Comminuted Chicken,NA
M46808+P46808,"Superior Sausage, LLC",District Heights,MD,80,Comminuted Chicken,NA
M46818+P46818,World Class Kitchens-Freehold,Freehold,NJ,80,Comminuted Chicken,NA
M46966+P46966,Encore Sausage Company,Hyattsville,MD,80,Comminuted Chicken,NA
M47307+P47307,"Shahs Halal New Horizons Processing, Inc.",Amityville,NY,60,Comminuted Chicken,NA
M47592A+P47592A,"North Bay Butchers, LLC",Marshall,CA,05,Comminuted Chicken,NA
M47770+P47770,Freshrealm,Montezuma,GA,85,Comminuted Chicken,NA
M48087+P48087+V48087,"Marin Sun Farms, Inc.",Petaluma,CA,05,Comminuted Chicken,NA
M48235+P48235+V48235,"Crescent Specialty Foods, LLC",Farmingdale,NY,60,Comminuted Chicken,NA
M48272+P48272,Inland Seafood Corporation,Birmingham,AL,90,Comminuted Chicken,NA
M4846+P4846,Heatherfield Foods LLC,Moreno Valley,CA,05,Comminuted Chicken,3
M4934+P4934,T & J Sausage Kitchen,Anaheim,CA,05,Comminuted Chicken,3
M4985+P4985,"Modesto Food Distributors, Inc.",Hayward,CA,05,Comminuted Chicken,NA
M5072+P5072,"Amazon Foods, Inc.",Chicopee,MA,60,Comminuted Chicken,NA
M51204+P51204,"New York Beef Company, LLC",Poughkeepsie,NY,60,Comminuted Chicken,NA
M5200+P5200+V5200,"Prime Food Distributor, Inc.",Port Washington,NY,60,Comminuted Chicken,NA
M5268+P5268,"Cola Foods, LLC",Cranston,RI,60,Comminuted Chicken,3
M5275+P5275,Lupo's Quality Deli,Endicott,NY,60,Comminuted Chicken,NA
M5292+P5292,"G & L Meat Company, Inc.",North Syracuse,NY,60,Comminuted Chicken,NA
M5351+P5351,Martin's Specialty Sausage Company Inc.,Mickleton,NJ,80,Comminuted Chicken,3
M5477+P5477,"Unity Beef Sausage Co., Inc.",Newark,NJ,80,Comminuted Chicken,NA
M5562+P5562+V5562,S&S Quality Meats,Emporia,KS,35,Comminuted Chicken,2
M5697+P5697+V5697,Swanson Meat Co.,Minneapolis,MN,25,Comminuted Chicken,NA
M5916+P5916+V5916,"Longhini, LLC",New Haven,CT,60,Comminuted Chicken,1
M5952+P5952,Lamberti Packing Company,New Haven,CT,60,Comminuted Chicken,NA
M6028A+P4114+V6028A,West Coast Prime Meats LLC,Brea,CA,05,Comminuted Chicken,NA
M6056A+P6056A,Schenk Packing Company Warehouse,Mount Vernon,WA,15,Comminuted Chicken,NA
M6086+P6086,Silva Sausage Co.,Gilroy,CA,05,Comminuted Chicken,NA
M6124+P6124+V6124,"Compass Foods, Inc.",Modesto,CA,05,Comminuted Chicken,NA
M6154+P6154,Caggiano Company,Sebastopol,CA,05,Comminuted Chicken,NA
M6206+P6206+V6206,"Fabrique Delices, LLC",Hayward,CA,05,Comminuted Chicken,NA
M6239+P6239+V6239,Shamrock Foods Company,Phoenix,AZ,05,Comminuted Chicken,NA
M6267+P6267,Interbay Food Company,Woodinville,WA,15,Comminuted Chicken,NA
M6308+P6308,"Zenner's Quality Meat Products, Inc.",Wilsonville,OR,15,Comminuted Chicken,NA
M6424+P6424,Fischer Meats,Issaquah,WA,15,Comminuted Chicken,NA
M6474+P6474,Polidori Meat Processors Inc.,Denver,CO,15,Comminuted Chicken,NA
M6479+P6479,"Mr. J's Tamales & Chili, Inc.",Lynwood,CA,05,Comminuted Chicken,NA
M6692+P6692,"Marvel International, Inc.",Guaynabo,PR,85,Comminuted Chicken,NA
M6765+P6765,Wichita Packing Company,Chicago,IL,50,Comminuted Chicken,NA
M7231+P7231,HEB Meat Plant,San Antonio,TX,40,Comminuted Chicken,2
M7415+P7415+V7415,HOFFMAN'S QUALITY MEATS,HAGERSTOWN,MD,80,Comminuted Chicken,NA
M7428+P7428+V7428,"Joyce Foods, Inc.",Winston Salem,NC,80,Comminuted Chicken,NA
M7696+P7696,Mattern Sausage,Orange,CA,05,Comminuted Chicken,NA
M7834+P7834,"Premio Foods, Inc.",Union City,NJ,80,Comminuted Chicken,2
M7877A+P7877A+V7877A,Rastelli,Swedsboro,NJ,80,Comminuted Chicken,NA
M8126+P8126,Old Style Sausage,Louisville,CO,15,Comminuted Chicken,NA
M8139+P8139,Red Bird Farms Dist. Co.,Englewood,CO,15,Comminuted Chicken,2
M8271+P8271,Panizzera Meat Co.,Occidental,CA,05,Comminuted Chicken,NA
M8388+P8388,Imler's Poultry Inc.,Duncansville,PA,60,Comminuted Chicken,NA
M8406+P8406+V8406,Mennella'a Poultry,Paterson,NJ,80,Comminuted Chicken,NA
M8756+P8756,DeYulio Sausage Company LLC,Bridgeport,CT,60,Comminuted Chicken,NA
M8777+P8777,London Manhattan Corp.,Bronx,NY,60,Comminuted Chicken,NA
M8899+P8899,George L. Wells Meat Company,Philadelphia,PA,60,Comminuted Chicken,NA
M8951+P8951+V8951,Quality Meats and Culinary Specialties,Detroit,MI,50,Comminuted Chicken,NA
M8984+P8984,"Provimi Foods, Inc.",Seymour,WI,25,Comminuted Chicken,NA
M9145H+P9145H,Flanders Provision,Hastings,NE,15,Comminuted Chicken,3
M9179+P9179,Uncle John's Pride LLC,Tampa,FL,85,Comminuted Chicken,1
M9202+P9202+V9202,"Columbia Empire Meat Co., Inc.",Portland,OR,15,Comminuted Chicken,NA
M9760A+P9760A,"Herring Brothers Meats, Inc.",Guilford,ME,60,Comminuted Chicken,NA
M9783+P8422,"Schiff's Restaurant Service, Inc.",Scranton,PA,60,Comminuted Chicken,NA
M9792+P9792,Stoltzfus Meats Inc.,Gordonville,PA,60,Comminuted Chicken,NA
P1243,"Perdue Foods, LLC.",Rockingham,NC,80,Comminuted Chicken,3
P1250,Fieldale Farms Corporation,Cornelia,GA,85,Comminuted Chicken,1
P2178,PERDUE FOODS LLC,Georgetown,DE,80,Comminuted Chicken,3
P2372,DRR Processing LLC,Burton,TX,40,Comminuted Chicken,NA
P3302,Cluck Ya Poultry,Gardiner,ME,60,Comminuted Chicken,NA
P39915+V39915,"LOCUST POINT FARMS, LLC",ELKTON,MD,80,Comminuted Chicken,3
P40345,Misty Lea Farm Poultry Processing,Pembroke,KY,90,Comminuted Chicken,NA
P45819,King and Sons Poultry Service Inc,Bradford,OH,50,Comminuted Chicken,NA
P46213,Burgundy Pasture Poultry LLC,Hillsboro,TX,40,Comminuted Chicken,NA
P794,"B&B Poultry Co., Inc.",Norma,NJ,80,Comminuted Chicken,1
P9332A,Diestel Turkey Ranch,Chinese Camp,CA,05,Comminuted Chicken,NA
M1015+P1015+V1015,"Empire Kosher Poultry, Inc.",Mifflintown,PA,60,Young Turkey Carcasses,1
M13289+P963,Cargill Meat Solutions,Springdale,AR,35,Young Turkey Carcasses,1
M1655+P1655+V1655,"Rashbe Holdings, Inc.",Birdsboro,PA,60,Young Turkey Carcasses,1
M18866+P551,"Jennie-O Turkey Store Sales, LLC",Willmar,MN,25,Young Turkey Carcasses,1
M18909+P157,Diestel Turkey Ranch,Turlock,CA,05,Young Turkey Carcasses,NA
M19232+P19232+V19232,"Bowman & Landes Turkeys, Inc.",New Carlisle,OH,50,Young Turkey Carcasses,NA
M20446+P20446+V20446,Central Illinois Poultry Processing LLC,Arthur,IL,50,Young Turkey Carcasses,NA
M20935+P20935,"Michigan Turkey Producers Co-op, Inc.",Wyoming,MI,50,Young Turkey Carcasses,1
M2130+P2130,Cooper Farms Processing,St. Henry,OH,50,Young Turkey Carcasses,1
M27389+P27389+V27389,Pitman Farms,Sanger,CA,05,Young Turkey Carcasses,NA
M31727+P31727+V31727A,Kiryas Joel Poultry Processing Plant,Monroe,NY,60,Young Turkey Carcasses,1
M32130+P32130+V32130,Dakota Provisions LLC,Huron,SD,25,Young Turkey Carcasses,1
M4653A+P4653A+V4653A,"Agri Star Meat and Poultry, LLC",Postville,IA,25,Young Turkey Carcasses,NA
M544+P544,Jennie-O Turkey Store,Melrose,MN,25,Young Turkey Carcasses,1
M5533+P5533+V5533,"West Liberty Foods, LLC",West Liberty,IA,25,Young Turkey Carcasses,1
M579+P579+V579,Jennie-O Turkey Store,Faribault,MN,25,Young Turkey Carcasses,1
M7345+P7345,"Butterball, LLC",Mount Olive,NC,80,Young Turkey Carcasses,1
M751+P1049,Pitman Farms Inc. (Moroni Turkey Processing),Moroni,UT,15,Young Turkey Carcasses,1
M757+P757+V757,The Hillshire Brands Company,Storm Lake,IA,25,Young Turkey Carcasses,1
P1096A,"VPGC,LLC",HINTON,VA,80,Young Turkey Carcasses,1
P1209,Whitewater Processing LLC,Harrison,OH,50,Young Turkey Carcasses,1
P17734,Stonewood Farm Inc.,Orwell,VT,60,Young Turkey Carcasses,NA
P18,Cargill Meat Solutions Corporation,Dayton,VA,80,Young Turkey Carcasses,1
P18978,Misty Knoll Farms,New Haven,VT,60,Young Turkey Carcasses,NA
P22000,"Prestage Foods, Inc.",St Pauls,NC,80,Young Turkey Carcasses,1
P244+V244A,Plainville Farms,New Oxford,PA,60,Young Turkey Carcasses,1
P286,Perdue Foods LLC,Washington,IN,50,Young Turkey Carcasses,1
P38466,Sensenig Turkey Farm LLC,Lititz,PA,60,Young Turkey Carcasses,1
P425+V425,"Northern Pride, Inc.",Thief River Falls,MN,25,Young Turkey Carcasses,1
P44974+V44974,Goffle Road Poultry Farm,Wyckoff,NJ,80,Young Turkey Carcasses,NA
P45131,"Farbest Foods, Inc.",Vincennes,IN,50,Young Turkey Carcasses,1
P460+V460,Jaindl Turkey Sales Inc,Orefield,PA,60,Young Turkey Carcasses,NA
P511,"Butterball, LLC",Ozark,AR,35,Young Turkey Carcasses,1
P7174,"Butterball, LLC",Huntsville,AR,35,Young Turkey Carcasses,1
P7669,"Turkey Valley Farms, Inc.",Marshall,MN,25,Young Turkey Carcasses,1
P7769,"Farbest Foods, Inc.",Huntingburg,IN,50,Young Turkey Carcasses,1
P8437+V8437,Koch's Turkey Farm,Tamaqua,PA,60,Young Turkey Carcasses,1
P850,Turkey Coop Group,Camden,SC,85,Young Turkey Carcasses,2
P9332,Diestel Turkey Ranch,Sonora,CA,05,Young Turkey Carcasses,1
P961,Cargill Meat Solutions,California,MO,35,Young Turkey Carcasses,1
M10017+P10017,Bert Hazekamp & Son Inc.,Muskegon,MI,50,Comminuted Turkey,NA
M1015+P1015+V1015,"Empire Kosher Poultry, Inc.",Mifflintown,PA,60,Comminuted Turkey,2
M10828+P10828,Hillside Turkey Farm,Thurmont,MD,80,Comminuted Turkey,NA
M1160+P9207,Rocker Bros. Meat & Provision Inc.,Inglewood,CA,05,Comminuted Turkey,NA
M13289+P963,Cargill Meat Solutions,Springdale,AR,35,Comminuted Turkey,3
M15841+P15841,DiRusso's Sausage Incorporated,Youngstown,OH,50,Comminuted Turkey,1
M1791+P27353,"Best Chicago Meat Company, LLC",Chicago,IL,50,Comminuted Turkey,NA
M18506+P18506,Pride Enterprise Food Products,Raiford,FL,85,Comminuted Turkey,3
M18667+P18667,Ellsworth Foods Inc.,Tifton,GA,85,Comminuted Turkey,NA
M18678+P18678+V18678,"Fells Point, LLC",Baltimore,MD,80,Comminuted Turkey,NA
M18726+P18726,La Bella Sausage,Brooksville,FL,85,Comminuted Turkey,1
M18820+P18820,"Mathew's Prime Meats, Inc.",West Babylon,NY,60,Comminuted Turkey,NA
M18866+P551,"Jennie-O Turkey Store Sales, LLC",Willmar,MN,25,Comminuted Turkey,3
M18895+P18895,"US Foods, Inc.",Hawthorne,CA,05,Comminuted Turkey,NA
M18909+P157,Diestel Turkey Ranch,Turlock,CA,05,Comminuted Turkey,3
M190+P190+V190,"Jennie-O Turkey Store, Inc.",Barron,WI,25,Comminuted Turkey,1
M20935+P20935,"Michigan Turkey Producers Co-op, Inc.",Wyoming,MI,50,Comminuted Turkey,3
M21207+P21207+V21207,Lorentz Etc. Inc.,Cannon Falls,MN,25,Comminuted Turkey,NA
M2130+P2130,Cooper Farms Processing,St. Henry,OH,50,Comminuted Turkey,1
M21701+P21701,"Alena Foods, Inc.",Fresno,CA,05,Comminuted Turkey,NA
M22095+P22095+V22095,Creston Valley Meats,Creston,CA,05,Comminuted Turkey,NA
M31727+P31727+V31727A,Kiryas Joel Poultry Processing Plant,Monroe,NY,60,Comminuted Turkey,NA
M4187+P4187+V4187,"Wayne Provisions Company, Inc.",Vernon,CA,05,Comminuted Turkey,NA
M4398+P4398,"DiLuigi Foods, Inc",Danvers,MA,60,Comminuted Turkey,1
M4445+P4445,Picone Meat Specialties LTD,Mamaroneck,NY,60,Comminuted Turkey,NA
M4460+P4460+V4460,Great American Foods,Newark,NJ,80,Comminuted Turkey,1
M45394+P45394,"CM & R, Inc.",St. Paul,MN,25,Comminuted Turkey,NA
M45888+P45888,Master Sausage LLC,Orlando,FL,85,Comminuted Turkey,NA
M46205+P46205+V46205,Dakota Provisions - West,Huron,SD,25,Comminuted Turkey,3
M46248+P46248,"Slagel Family Meats, Inc.",Forrest,IL,50,Comminuted Turkey,NA
M4651A+P4651A,LaFrieda Meats Inc.,North Bergen,NJ,80,Comminuted Turkey,NA
M46841+P46841+V46841,Lakeside Refrigerated Services,Swedesboro,NJ,80,Comminuted Turkey,NA
M4686+P4686+V4686,"Arctic Foods USA, LLC",Washington,NJ,80,Comminuted Turkey,NA
M46870+P46870,"Butterball, LLC",Raeford,NC,80,Comminuted Turkey,3
M4934+P4934,T & J Sausage Kitchen,Anaheim,CA,05,Comminuted Turkey,NA
M4985+P4985,"Modesto Food Distributors, Inc.",Hayward,CA,05,Comminuted Turkey,NA
M5067+P5067,Kingsland Meat Distributors Inc.,Woodland Park,NJ,80,Comminuted Turkey,NA
M5292+P5292,"G & L Meat Company, Inc.",North Syracuse,NY,60,Comminuted Turkey,1
M5351+P5351,Martin's Specialty Sausage Company Inc.,Mickleton,NJ,80,Comminuted Turkey,1
M5477+P5477,"Unity Beef Sausage Co., Inc.",Newark,NJ,80,Comminuted Turkey,NA
M579+P579+V579,Jennie-O Turkey Store,Faribault,MN,25,Comminuted Turkey,2
M5916+P5916+V5916,"Longhini, LLC",New Haven,CT,60,Comminuted Turkey,1
M6028A+P4114+V6028A,West Coast Prime Meats LLC,Brea,CA,05,Comminuted Turkey,NA
M6056A+P6056A,Schenk Packing Company Warehouse,Mount Vernon,WA,15,Comminuted Turkey,NA
M6555+P34794,"Fayette Packing Company, Inc.",Eads,TN,90,Comminuted Turkey,NA
M6765+P6765,Wichita Packing Company,Chicago,IL,50,Comminuted Turkey,NA
M7345+P7345,"Butterball, LLC",Mount Olive,NC,80,Comminuted Turkey,3
M7464+P7464,F.B. Purnell Sausage Company Inc.,Simpsonville,KY,90,Comminuted Turkey,NA
M751+P1049,Pitman Farms Inc. (Moroni Turkey Processing),Moroni,UT,15,Comminuted Turkey,3
M7696+P7696,Mattern Sausage,Orange,CA,05,Comminuted Turkey,NA
M77+P77+V3767,"Maid-Rite Specialty Foods, Inc.",Dunmore,PA,60,Comminuted Turkey,NA
M8328+P8328,Halperns' Steak and Seafood,Fort Lauderdale,FL,85,Comminuted Turkey,NA
M8388+P8388,Imler's Poultry Inc.,Duncansville,PA,60,Comminuted Turkey,NA
M8727+P8727+V8727,"Butterball, LLC",Carthage,MO,35,Comminuted Turkey,3
M8899+P8899,George L. Wells Meat Company,Philadelphia,PA,60,Comminuted Turkey,NA
M8983+P8983,"Sysco Western Minnesota, Inc.",St Cloud,MN,25,Comminuted Turkey,1
M9792+P9792,Stoltzfus Meats Inc.,Gordonville,PA,60,Comminuted Turkey,NA
P1096A,"VPGC,LLC",HINTON,VA,80,Comminuted Turkey,2
P18,Cargill Meat Solutions Corporation,Dayton,VA,80,Comminuted Turkey,3
P18978,Misty Knoll Farms,New Haven,VT,60,Comminuted Turkey,NA
P2171,DiPaola Turkeys Inc.,Trenton,NJ,80,Comminuted Turkey,NA
P22000,"Prestage Foods, Inc.",St Pauls,NC,80,Comminuted Turkey,2
P244+V244A,Plainville Farms,New Oxford,PA,60,Comminuted Turkey,2
P286,Perdue Foods LLC,Washington,IN,50,Comminuted Turkey,3
P38466,Sensenig Turkey Farm LLC,Lititz,PA,60,Comminuted Turkey,NA
P7174,"Butterball, LLC",Huntsville,AR,35,Comminuted Turkey,NA
P7669,"Turkey Valley Farms, Inc.",Marshall,MN,25,Comminuted Turkey,1
P8437+V8437,Koch's Turkey Farm,Tamaqua,PA,60,Comminuted Turkey,1
P9332,Diestel Turkey Ranch,Sonora,CA,05,Comminuted Turkey,NA
P9332A,Diestel Turkey Ranch,Chinese Camp,CA,05,Comminuted Turkey,3
P961,Cargill Meat Solutions,California,MO,35,Comminuted Turkey,1