EstablishmentNumber,EstablishmentName,EstablishmentID,GCP_TotalInspections,GCP_TotalNRs,GCP_TotalMOIs,Lab_TotalSamples,Lab_SalmonellaPositive,Lab_CampylobacterPositive,Lab_SalmonellaPositiveRate,Lab_CampylobacterPositiveRate,_merge
M10+P7212+V10,,,,,,48.0,12.0,0.0,25.0,0.0,right_only
M10017+P10017,,,,,,28.0,7.0,0.0,25.0,0.0,right_only
M10038+P10038+V10038,Scotts Hook & Cleaver Inc.                                                                          ,7125.0,33.0,0.0,0.0,3.0,1.0,0.0,33.33,0.0,both
M1015+P1015+V1015,"Empire Kosher Poultry, Inc.                                                                         ",6413.0,355.0,0.0,0.0,134.0,20.0,0.0,14.93,0.0,both
M10307+P10307,,,,,,2.0,0.0,0.0,0.0,0.0,right_only
M1046+P1046+V1046,,,,,,9.0,1.0,0.0,11.11,0.0,right_only
M10828+P10828,,,,,,3.0,1.0,0.0,33.33,0.0,right_only
M10835+P10835+V10835,,,,,,15.0,2.0,0.0,13.33,0.0,right_only
M1097+P8891,,,,,,20.0,5.0,0.0,25.0,0.0,right_only
M11+P11,,,,,,1.0,0.0,0.0,0.0,0.0,right_only
M11041+P11041,,,,,,2.0,0.0,0.0,0.0,0.0,right_only
M11078+P11078,,,,,,24.0,2.0,0.0,8.33,0.0,right_only
M112+P112,"Tyson Foods, Inc                                                                                    ",3847.0,420.0,0.0,0.0,108.0,4.0,0.0,3.7,0.0,both
M11507+P11507+V11507,,,,,,10.0,1.0,0.0,10.0,0.0,right_only
M11509+P11509,,,,,,23.0,3.0,0.0,13.04,0.0,right_only
M1160+P9207,,,,,,27.0,1.0,0.0,3.7,0.0,right_only
M1173+P1173,Big Valley Meats                                                                                    ,6166918.0,13.0,0.0,0.0,,,,,,left_only
M1234+P1234,Mountaire Farms Inc.                                                                                ,6163896.0,508.0,0.0,2.0,99.0,1.0,0.0,1.01,0.0,both
M12604+P12604,,,,,,23.0,9.0,0.0,39.13,0.0,right_only
M12610+P12610,,,,,,1.0,1.0,0.0,100.0,0.0,right_only
M12650+P12650,,,,,,24.0,4.0,0.0,16.67,0.0,right_only
M13016+P13016+V13016,,,,,,3.0,1.0,0.0,33.33,0.0,right_only
M1305+P1305+V1305,,,,,,40.0,16.0,0.0,40.0,0.0,right_only
M13081+P13081+V13081,Tri State Meats LLC DBA Special D Meats                                                             ,3736.0,2.0,0.0,0.0,,,,,,left_only
M13127+P13127,,,,,,28.0,5.0,0.0,17.86,0.0,right_only
M13149+P13149+V13149,Krehbiels Specialty Meats Inc                                                                       ,3743.0,15.0,0.0,0.0,1.0,0.0,0.0,0.0,0.0,both
M13170+P13170+V13170,,,,,,21.0,0.0,0.0,0.0,0.0,right_only
M13199+P13199,,,,,,3.0,0.0,0.0,0.0,0.0,right_only
M13289+P963,Cargill Meat Solutions                                                                              ,3842.0,346.0,0.0,0.0,53.0,8.0,0.0,15.09,0.0,both
M13409+P13409,,,,,,2.0,0.0,0.0,0.0,0.0,right_only
M13432A+P13432A,,,,,,25.0,6.0,0.0,24.0,0.0,right_only
M13456+P13456+V13456,"Tyson Foods, Inc.                                                                                   ",3901.0,539.0,0.0,0.0,80.0,7.0,0.0,8.75,0.0,both
M13484+P13484,,,,,,10.0,0.0,0.0,0.0,0.0,right_only
M13525+P13525,,,,,,1.0,1.0,0.0,100.0,0.0,right_only
M13530+P13530,,,,,,24.0,2.0,0.0,8.33,0.0,right_only
M13556+P13556,"Tyson Foods, Inc.                                                                                   ",3770.0,481.0,0.0,4.0,109.0,1.0,0.0,0.92,0.0,both
M13564+P13564,,,,,,24.0,2.0,0.0,8.33,0.0,right_only
M13590+P13590,,,,,,20.0,1.0,0.0,5.0,0.0,right_only
M1383+P677,,,,,,21.0,2.0,0.0,9.52,0.0,right_only
M1393+P836,,,,,,12.0,0.0,0.0,0.0,0.0,right_only
M1407+P1407+V1407,,,,,,1.0,0.0,0.0,0.0,0.0,right_only
M1542+P1542,,,,,,49.0,8.0,0.0,16.33,0.0,right_only
M15735+P15735+V15735,,,,,,24.0,3.0,0.0,12.5,0.0,right_only
M15805+P15805+V15805,,,,,,55.0,15.0,0.0,27.27,0.0,right_only
M15841+P15841,,,,,,13.0,2.0,0.0,15.38,0.0,right_only
M1638+P1638,,,,,,2.0,0.0,0.0,0.0,0.0,right_only
M1641+P1641,Briardale Ostrich Farms                                                                             ,6167073.0,109.0,0.0,0.0,,,,,,left_only
M1645+P1645,,,,,,23.0,1.0,0.0,4.35,0.0,right_only
M1655+P1655+V1655,"Rashbe Holdings, Inc.                                                                               ",6167084.0,238.0,0.0,0.0,67.0,5.0,0.0,7.46,0.0,both
M1698+P787+V1698,,,,,,24.0,2.0,0.0,8.33,0.0,right_only
M17074+P17074,,,,,,1.0,0.0,0.0,0.0,0.0,right_only
M17217A+P6403A+V17217A,,,,,,58.0,13.0,0.0,22.41,0.0,right_only
M17250+P6+V6,"Tyson Foods, Inc.                                                                                   ",4485.0,421.0,0.0,0.0,76.0,1.0,0.0,1.32,0.0,both
M17270+P17270,,,,,,1.0,0.0,0.0,0.0,0.0,right_only
M17335+P17335,,,,,,23.0,3.0,0.0,13.04,0.0,right_only
M17375+P17375,,,,,,1.0,0.0,0.0,0.0,0.0,right_only
M17395+P17395,,,,,,25.0,3.0,0.0,12.0,0.0,right_only
M17428+P17428,,,,,,1.0,0.0,0.0,0.0,0.0,right_only
M17454+P17454,,,,,,3.0,0.0,0.0,0.0,0.0,right_only
M17480+P17480,,,,,,2.0,0.0,0.0,0.0,0.0,right_only
M17554+P17554,,,,,,2.0,0.0,0.0,0.0,0.0,right_only
M17557+P17557,,,,,,17.0,3.0,0.0,17.65,0.0,right_only
M1759+P1759,,,,,,24.0,2.0,0.0,8.33,0.0,right_only
M17751+P17751,,,,,,5.0,0.0,0.0,0.0,0.0,right_only
M1776+P1776,,,,,,1.0,0.0,0.0,0.0,0.0,right_only
M17781+P17781,,,,,,1.0,0.0,0.0,0.0,0.0,right_only
M1790+P18123+V1790,,,,,,1.0,0.0,0.0,0.0,0.0,right_only
M1791+P27353,,,,,,53.0,18.0,0.0,33.96,0.0,right_only
M17967+P17967,,,,,,1.0,0.0,0.0,0.0,0.0,right_only
M17980+P17980,Pilgrim's Pride Corporation                                                                         ,727.0,516.0,0.0,1.0,107.0,3.0,0.0,2.8,0.0,both
M18022+P18022,,,,,,13.0,0.0,0.0,0.0,0.0,right_only
M18237+P18237,,,,,,52.0,38.0,0.0,73.08,0.0,right_only
M1832+P1832,Helena Farm                                                                                         ,6167231.0,93.0,0.0,0.0,,,,,,left_only
M18341+P18341,,,,,,2.0,0.0,0.0,0.0,0.0,right_only
M18370+P18370,,,,,,3.0,1.0,0.0,33.33,0.0,right_only
M18388+P18388,,,,,,3.0,0.0,0.0,0.0,0.0,right_only
M18416+P18416+V18416,,,,,,13.0,2.0,0.0,15.38,0.0,right_only
M1842+P17778,ENA Meat Packing Corp.                                                                              ,13271.0,50.0,0.0,0.0,,,,,,left_only
M18506+P18506,,,,,,25.0,21.0,0.0,84.0,0.0,right_only
M18527+P18527,,,,,,23.0,2.0,0.0,8.7,0.0,right_only
M18554+P18554,,,,,,55.0,8.0,0.0,14.55,0.0,right_only
M18554A+P18554A,,,,,,26.0,0.0,0.0,0.0,0.0,right_only
M18559+P18559+V18559,,,,,,2.0,0.0,0.0,0.0,0.0,right_only
M18578+P18578,,,,,,18.0,2.0,0.0,11.11,0.0,right_only
M18596+P18596,,,,,,24.0,0.0,0.0,0.0,0.0,right_only
M18600+P18600,,,,,,24.0,0.0,0.0,0.0,0.0,right_only
M18661+P18661,,,,,,2.0,0.0,0.0,0.0,0.0,right_only
M18667+P18667,,,,,,19.0,3.0,0.0,15.79,0.0,right_only
M18678+P18678+V18678,,,,,,25.0,1.0,0.0,4.0,0.0,right_only
M18726+P18726,,,,,,66.0,11.0,0.0,16.67,0.0,right_only
M18743+P18743,,,,,,19.0,0.0,0.0,0.0,0.0,right_only
M18746+P18746,,,,,,1.0,0.0,0.0,0.0,0.0,right_only
M18820+P18820,,,,,,2.0,0.0,0.0,0.0,0.0,right_only
M18835+P18835,,,,,,1.0,0.0,0.0,0.0,0.0,right_only
M18866+P551,"Jennie-O Turkey Store Sales, LLC                                                                    ",2967.0,488.0,0.0,1.0,70.0,12.0,0.0,17.14,0.0,both
M1887+P1887,,,,,,24.0,2.0,0.0,8.33,0.0,right_only
M18878+P18878,,,,,,2.0,1.0,0.0,50.0,0.0,right_only
M18888+P18888,,,,,,21.0,0.0,0.0,0.0,0.0,right_only
M18895+P18895,,,,,,29.0,1.0,0.0,3.45,0.0,right_only
M18909+P157,Diestel Turkey Ranch                                                                                ,5112.0,155.0,0.0,0.0,,,,,,left_only
M18909+P157,"Foster Poultry Farms, LLC                                                                           ",5112.0,,,,54.0,15.0,0.0,27.78,0.0,right_only
M18987+P18987,,,,,,22.0,0.0,0.0,0.0,0.0,right_only
M18994+P18994,,,,,,48.0,15.0,0.0,31.25,0.0,right_only
M190+P190+V190,"Jennie-O Turkey Store, Inc.                                                                         ",6965.0,,,,37.0,1.0,0.0,2.7,0.0,right_only
M19034+P19034+V19034A,,,,,,1.0,0.0,0.0,0.0,0.0,right_only
M1909+P1909,Legacy Agricultural Farms LLC                                                                       ,6167326.0,59.0,0.0,0.0,1.0,0.0,0.0,0.0,0.0,both
M19113+P19113+G3748+V19113,,,,,,8.0,1.0,0.0,12.5,0.0,right_only
M1912+P1912,"Chapel Ford Farm, LLC                                                                               ",6167329.0,44.0,0.0,0.0,,,,,,left_only
M1913A+P18075A+V1913A,,,,,,54.0,10.0,0.0,18.52,0.0,right_only
M19194+P19194,,,,,,22.0,0.0,0.0,0.0,0.0,right_only
M19232+P19232+V19232,"Bowman & Landes Turkeys, Inc.                                                                       ",2166.0,19.0,0.0,0.0,5.0,0.0,0.0,0.0,0.0,both
M19290+P19290+V19290,"Working H Meats, LLC                                                                                ",126746.0,2.0,0.0,0.0,,,,,,left_only
M19300+P19300+V19300,,,,,,3.0,0.0,0.0,0.0,0.0,right_only
M1940+P17937+V1940,,,,,,40.0,10.0,0.0,25.0,0.0,right_only
M1941+P1941,Sugarloaf Mountain Meats and Processing                                                             ,6167588.0,69.0,0.0,0.0,,,,,,left_only
M19433+P19433,,,,,,23.0,0.0,0.0,0.0,0.0,right_only
M1947A+P1947A,,,,,,25.0,4.0,0.0,16.0,0.0,right_only
M19545A+P19545A,,,,,,9.0,0.0,0.0,0.0,0.0,right_only
M19566A+P19566A,,,,,,13.0,0.0,0.0,0.0,0.0,right_only
M19636+P19636,Tyson Foods Inc                                                                                     ,4534.0,469.0,0.0,0.0,111.0,8.0,0.0,7.21,0.0,both
M19652+P19652,,,,,,22.0,4.0,0.0,18.18,0.0,right_only
M19719+P19719,,,,,,22.0,1.0,0.0,4.55,0.0,right_only
M19719E+P19719E,,,,,,23.0,0.0,0.0,0.0,0.0,right_only
M19782+P19782,,,,,,23.0,2.0,0.0,8.7,0.0,right_only
M19879+P19879+V19879,,,,,,23.0,1.0,0.0,4.35,0.0,right_only
M1991+P1991,,,,,,35.0,16.0,0.0,45.71,0.0,right_only
M19915+P19915+V19915,,,,,,1.0,0.0,0.0,0.0,0.0,right_only
M19916+P8117+V19916,,,,,,24.0,0.0,0.0,0.0,0.0,right_only
M19953+P19953,,,,,,24.0,1.0,0.0,4.17,0.0,right_only
M1996+P8242+V1996,"Freedom Sausage, Inc.                                                                               ",2558.0,13.0,0.0,0.0,,,,,,left_only
M1998+P1998,,,,,,1.0,0.0,0.0,0.0,0.0,right_only
M19999+P19999,,,,,,20.0,0.0,0.0,0.0,0.0,right_only
M20088+P20088+V20088,,,,,,54.0,4.0,0.0,7.41,0.0,right_only
M20091+P20091,,,,,,9.0,4.0,0.0,44.44,0.0,right_only
M20106+P20106,,,,,,24.0,0.0,0.0,0.0,0.0,right_only
M20117+P20117,,,,,,2.0,0.0,0.0,0.0,0.0,right_only
M20153+P20153,,,,,,24.0,2.0,0.0,8.33,0.0,right_only
M20204+P20204+V20204,,,,,,40.0,6.0,0.0,15.0,0.0,right_only
M20251W+P20251W,,,,,,24.0,1.0,0.0,4.17,0.0,right_only
M20322+P20322,"Keystone Foods, LLC.                                                                                ",4783.0,449.0,0.0,2.0,109.0,6.0,0.0,5.5,0.0,both
M20401+P20401,,,,,,22.0,2.0,0.0,9.09,0.0,right_only
M20446+P20446+V20446,Central Illinois Poultry Processing LLC                                                             ,8719.0,225.0,0.0,0.0,38.0,1.0,0.0,2.63,0.0,both
M20672+P20672,,,,,,4.0,0.0,0.0,0.0,0.0,right_only
M20676+P20676+V20676,,,,,,2.0,1.0,0.0,50.0,0.0,right_only
M20815+P20815,,,,,,24.0,4.0,0.0,16.67,0.0,right_only
M20826+P20826+V20826,Griggstown Quail Farm                                                                               ,7606.0,236.0,0.0,0.0,24.0,0.0,0.0,0.0,0.0,both
M20862+P20862,,,,,,5.0,0.0,0.0,0.0,0.0,right_only
M20887+P20887,,,,,,24.0,3.0,0.0,12.5,0.0,right_only
M20889+P20889,,,,,,24.0,0.0,0.0,0.0,0.0,right_only
M20935+P20935,"Michigan Turkey Producers Co-op, Inc.                                                               ",7591.0,207.0,0.0,5.0,54.0,8.0,0.0,14.81,0.0,both
M2095+P2095,,,,,,24.0,2.0,0.0,8.33,0.0,right_only
M20AE+P20AE+V20AE,,,,,,21.0,0.0,0.0,0.0,0.0,right_only
M2106+P2106,,,,,,1.0,0.0,0.0,0.0,0.0,right_only
M21103+P21103,,,,,,21.0,1.0,0.0,4.76,0.0,right_only
M21180+P21180,,,,,,2.0,0.0,0.0,0.0,0.0,right_only
M21200+P21200,,,,,,35.0,10.0,0.0,28.57,0.0,right_only
M21207+P21207+V21207,,,,,,6.0,1.0,0.0,16.67,0.0,right_only
M21254+P21254,,,,,,25.0,2.0,0.0,8.0,0.0,right_only
M21275+P21275,,,,,,24.0,1.0,0.0,4.17,0.0,right_only
M2130+P2130,Cooper Farms Processing                                                                             ,1943.0,469.0,0.0,1.0,79.0,1.0,0.0,1.27,0.0,both
M21342+P21342,,,,,,22.0,2.0,0.0,9.09,0.0,right_only
M21430+P21430,,,,,,24.0,0.0,0.0,0.0,0.0,right_only
M21444+P21444,,,,,,1.0,0.0,0.0,0.0,0.0,right_only
M21494+P21494,,,,,,23.0,1.0,0.0,4.35,0.0,right_only
M21498+P21498,,,,,,51.0,1.0,0.0,1.96,0.0,right_only
M2161+P3,"Mountaire Farms of Delaware, Inc.                                                                   ",2214.0,,,,109.0,2.0,0.0,1.83,0.0,right_only
M2161+P3,"Mountaire Farms, Inc.                                                                               ",2214.0,530.0,0.0,0.0,,,,,,left_only
M21695+P21695,,,,,,1.0,0.0,0.0,0.0,0.0,right_only
M21701+P21701,,,,,,1.0,0.0,0.0,0.0,0.0,right_only
M21712+P21712,,,,,,2.0,0.0,0.0,0.0,0.0,right_only
M21725A+P21725A,,,,,,1.0,0.0,0.0,0.0,0.0,right_only
M2173+P2173,Hinck Turkey Farm Inc                                                                               ,892.0,10.0,0.0,0.0,,,,,,left_only
M21838+P21838,,,,,,37.0,10.0,0.0,27.03,0.0,right_only
M21863A+P21863A,,,,,,24.0,0.0,0.0,0.0,0.0,right_only
M21874+P21874,,,,,,21.0,1.0,0.0,4.76,0.0,right_only
M21882+P21882+V21882,,,,,,1.0,1.0,0.0,100.0,0.0,right_only
M21938+P21938,EcoFriendly Foods                                                                                   ,9260.0,33.0,0.0,0.0,1.0,1.0,0.0,100.0,0.0,both
M2194+P2194,Pat's Pastured                                                                                      ,6167597.0,20.0,0.0,0.0,2.0,1.0,0.0,50.0,0.0,both
M2199+P2199,,,,,,37.0,16.0,0.0,43.24,0.0,right_only
M2201+P2201,,,,,,1.0,0.0,0.0,0.0,0.0,right_only
M22042+P22042,,,,,,1.0,0.0,0.0,0.0,0.0,right_only
M22084+P22084,Wisdom Natural Poultry                                                                              ,8765.0,37.0,0.0,0.0,,,,,,left_only
M22095+P22095+V22095,Creston Valley Meats                                                                                ,8875.0,73.0,0.0,0.0,1.0,0.0,0.0,0.0,0.0,both
M22104+P22104+V22104,,,,,,1.0,0.0,0.0,0.0,0.0,right_only
M2213A+P2213A,,,,,,24.0,3.0,0.0,12.5,0.0,right_only
M2260T+P2260T,,,,,,1.0,0.0,0.0,0.0,0.0,right_only
M2298+P2298,,,,,,3.0,0.0,0.0,0.0,0.0,right_only
M2327+P2327,,,,,,11.0,0.0,0.0,0.0,0.0,right_only
M2338+P2338,,,,,,24.0,3.0,0.0,12.5,0.0,right_only
M2365+P2365,,,,,,3.0,0.0,0.0,0.0,0.0,right_only
M2404+P2404,R and D Meats                                                                                       ,6167751.0,77.0,0.0,0.0,,,,,,left_only
M244S+P244S,,,,,,1.0,0.0,0.0,0.0,0.0,right_only
M245D+P245D+V245D,,,,,,13.0,3.0,0.0,23.08,0.0,right_only
M2462+P2462+G2462,,,,,,2.0,2.0,0.0,100.0,0.0,right_only
M2482+P2482+V2482,P3 Custom Meats LLC                                                                                 ,6167845.0,17.0,0.0,0.0,,,,,,left_only
M248B+P215,Butterfield Foods Company                                                                           ,2939.0,167.0,0.0,0.0,6.0,0.0,0.0,0.0,0.0,both
M2510+P2510+V2510,,,,,,1.0,0.0,0.0,0.0,0.0,right_only
M2514+P18395,,,,,,22.0,1.0,0.0,4.55,0.0,right_only
M2540+P2540,,,,,,24.0,0.0,0.0,0.0,0.0,right_only
M2597+P2597,,,,,,1.0,0.0,0.0,0.0,0.0,right_only
M2629+P2629+V2629,,,,,,22.0,0.0,0.0,0.0,0.0,right_only
M2635+P2635,,,,,,7.0,0.0,0.0,0.0,0.0,right_only
M2664+P2664,,,,,,9.0,0.0,0.0,0.0,0.0,right_only
M2676+P2676,,,,,,57.0,13.0,0.0,22.81,0.0,right_only
M2696+P2696,,,,,,14.0,2.0,0.0,14.29,0.0,right_only
M272+P272,,,,,,39.0,9.0,0.0,23.08,0.0,right_only
M27216+P27216,,,,,,37.0,4.0,0.0,10.81,0.0,right_only
M27257+P27257+V27257,"Central KY Custom Meats, Inc.                                                                       ",8953.0,47.0,0.0,0.0,,,,,,left_only
M27288+P27288,,,,,,2.0,0.0,0.0,0.0,0.0,right_only
M27297+P27297,Campo Lindo Farms                                                                                   ,8862.0,61.0,0.0,0.0,17.0,1.0,0.0,5.88,0.0,both
M27349+P27349,,,,,,1.0,0.0,0.0,0.0,0.0,right_only
M27361+P27361,,,,,,1.0,0.0,0.0,0.0,0.0,right_only
M27389+P27389+V27389,Pitman Farms                                                                                        ,9259.0,669.0,0.0,0.0,170.0,37.0,0.0,21.76,0.0,both
M27488+P27488+V27488,"Mekong Fresh Meats, Inc.                                                                            ",9216.0,108.0,0.0,0.0,,,,,,left_only
M27505+P27505,,,,,,68.0,6.0,0.0,8.82,0.0,right_only
M2752+P2752,,,,,,1.0,0.0,0.0,0.0,0.0,right_only
M2794+P2794,,,,,,8.0,0.0,0.0,0.0,0.0,right_only
M2802+P2802,,,,,,22.0,2.0,0.0,9.09,0.0,right_only
M2840A+P2840A,,,,,,2.0,0.0,0.0,0.0,0.0,right_only
M2840B+P2840B,,,,,,1.0,0.0,0.0,0.0,0.0,right_only
M2874+P2874,,,,,,24.0,2.0,0.0,8.33,0.0,right_only
M2886+P2886,,,,,,1.0,0.0,0.0,0.0,0.0,right_only
M2896+P2896,,,,,,2.0,0.0,0.0,0.0,0.0,right_only
M2902+P2902,,,,,,24.0,2.0,0.0,8.33,0.0,right_only
M2933+P2933+V2933,,,,,,38.0,16.0,0.0,42.11,0.0,right_only
M2972+P2972,Northeast Regional Corrections Center                                                               ,6168325.0,18.0,0.0,0.0,,,,,,left_only
M3026+P3026,,,,,,15.0,1.0,0.0,6.67,0.0,right_only
M3068+P3068,Sunset Farms LLC                                                                                    ,6168481.0,4.0,0.0,0.0,,,,,,left_only
M30775+P30775,,,,,,23.0,0.0,0.0,0.0,0.0,right_only
M30778+P30778,,,,,,1.0,0.0,0.0,0.0,0.0,right_only
M31639+P31639,,,,,,24.0,2.0,0.0,8.33,0.0,right_only
M3165+P3165,,,,,,4.0,0.0,0.0,0.0,0.0,right_only
M31727+P31727+V31727A,Kiryas Joel Poultry Processing Plant                                                                ,9337.0,253.0,0.0,0.0,71.0,1.0,0.0,1.41,0.0,both
M31843+P31843,,,,,,25.0,23.0,0.0,92.0,0.0,right_only
M31877+P31877,,,,,,28.0,3.0,0.0,10.71,0.0,right_only
M31884+P31884+V31884,,,,,,21.0,2.0,0.0,9.52,0.0,right_only
M31907+P31907,,,,,,5.0,0.0,0.0,0.0,0.0,right_only
M31915+P31915,,,,,,1.0,0.0,0.0,0.0,0.0,right_only
M31932+P31932,,,,,,24.0,0.0,0.0,0.0,0.0,right_only
M31979+P31979,,,,,,24.0,1.0,0.0,4.17,0.0,right_only
M31980+P31980,,,,,,8.0,0.0,0.0,0.0,0.0,right_only
M32031+P32031,,,,,,1.0,0.0,0.0,0.0,0.0,right_only
M32042+P32042+V32042,"Brushy Prairie Packing, Inc.                                                                        ",10201.0,4.0,0.0,0.0,,,,,,left_only
M32130+P32130+V32130,Dakota Provisions LLC                                                                               ,9870.0,403.0,0.0,13.0,21.0,1.0,0.0,4.76,0.0,both
M32170+P32170,,,,,,15.0,0.0,0.0,0.0,0.0,right_only
M322A+P322,Pilgrim's Pride Corporation                                                                         ,2961.0,556.0,0.0,0.0,111.0,6.0,0.0,5.41,0.0,both
M33831+P33831+V33831,"Ayrshire Farm Management, LLC                                                                       ",9852.0,8.0,0.0,0.0,,,,,,left_only
M33861+P33861,,,,,,22.0,2.0,0.0,9.09,0.0,right_only
M33885+P31851,,,,,,23.0,1.0,0.0,4.35,0.0,right_only
M33901+P33901,,,,,,56.0,6.0,0.0,10.71,0.0,right_only
M33902+P33902,Wing Lee Farms                                                                                      ,12656.0,253.0,0.0,0.0,,,,,,left_only
M33973+P33973+V33973,,,,,,1.0,0.0,0.0,0.0,0.0,right_only
M33982+P33982,,,,,,23.0,3.0,0.0,13.04,0.0,right_only
M34009+P34009,,,,,,22.0,0.0,0.0,0.0,0.0,right_only
M34078+P34078,"Great Lakes Poultry, Inc.                                                                           ",12319.0,247.0,0.0,0.0,9.0,5.0,0.0,55.56,0.0,both
M34095+P34095+V34095,,,,,,37.0,6.0,0.0,16.22,0.0,right_only
M34145+P34145,"Kadejan, Inc.                                                                                       ",12513.0,160.0,0.0,0.0,45.0,0.0,0.0,0.0,0.0,both
M34152+P34152,,,,,,15.0,0.0,0.0,0.0,0.0,right_only
M34167+P34167,,,,,,37.0,5.0,0.0,13.51,0.0,right_only
M34174+P34174,,,,,,1.0,0.0,0.0,0.0,0.0,right_only
M34176+P34176,,,,,,19.0,3.0,0.0,15.79,0.0,right_only
M34195+P34195,,,,,,24.0,1.0,0.0,4.17,0.0,right_only
M34227+P34227,,,,,,23.0,0.0,0.0,0.0,0.0,right_only
M34371+P34371,,,,,,23.0,5.0,0.0,21.74,0.0,right_only
M34376+P34376,,,,,,1.0,0.0,0.0,0.0,0.0,right_only
M34449+P34449+V34449,Texas Natural Meats                                                                                 ,12541.0,6.0,0.0,0.0,,,,,,left_only
M34467+P34467+V34467,,,,,,22.0,2.0,0.0,9.09,0.0,right_only
M34715+P34715,,,,,,38.0,12.0,0.0,31.58,0.0,right_only
M3598+P3598,Texas All Grass Fed LLC                                                                             ,6168919.0,10.0,0.0,0.0,,,,,,left_only
M3603+P3603,,,,,,2.0,0.0,0.0,0.0,0.0,right_only
M38463+P38463,,,,,,25.0,3.0,0.0,12.0,0.0,right_only
M38468+P38468+V38468,,,,,,1.0,0.0,0.0,0.0,0.0,right_only
M38494+P32145+V32145,,,,,,22.0,0.0,0.0,0.0,0.0,right_only
M38511+P38511+V38511,,,,,,26.0,0.0,0.0,0.0,0.0,right_only
M38514+P38514,,,,,,20.0,2.0,0.0,10.0,0.0,right_only
M38522+P38522,,,,,,25.0,3.0,0.0,12.0,0.0,right_only
M39891+P39891,,,,,,36.0,6.0,0.0,16.67,0.0,right_only
M39896+P39896,,,,,,2.0,1.0,0.0,50.0,0.0,right_only
M39941+P39941,,,,,,24.0,1.0,0.0,4.17,0.0,right_only
M4005+P4005+V4005,Williamsburg Packing Company Inc.                                                                   ,619.0,122.0,0.0,0.0,7.0,0.0,0.0,0.0,0.0,both
M40059+P40059,,,,,,24.0,1.0,0.0,4.17,0.0,right_only
M40145+P40145,,,,,,2.0,0.0,0.0,0.0,0.0,right_only
M40181+P40181,,,,,,23.0,0.0,0.0,0.0,0.0,right_only
M40311+P40311,,,,,,20.0,0.0,0.0,0.0,0.0,right_only
M4033+P4033,,,,,,1.0,0.0,0.0,0.0,0.0,right_only
M40342+P40342,The Ohio State University                                                                           ,13686.0,17.0,0.0,0.0,,,,,,left_only
M40363+P40363,,,,,,1.0,0.0,0.0,0.0,0.0,right_only
M40365+P40365,Four Story Hill Farm Inc.                                                                           ,13761.0,6.0,0.0,0.0,,,,,,left_only
M40367+P40367,,,,,,22.0,2.0,0.0,9.09,0.0,right_only
M40440A+P40440A,,,,,,6.0,1.0,0.0,16.67,0.0,right_only
M4075+P4075,,,,,,1.0,0.0,0.0,0.0,0.0,right_only
M4089+P4089+V4089,,,,,,4.0,0.0,0.0,0.0,0.0,right_only
M4104+P4104,,,,,,23.0,1.0,0.0,4.35,0.0,right_only
M4111+P4111+V4111,,,,,,1.0,0.0,0.0,0.0,0.0,right_only
M412+P412,,,,,,5.0,3.0,0.0,60.0,0.0,right_only
M4121A+P4121A+V4121A,,,,,,23.0,0.0,0.0,0.0,0.0,right_only
M4150+P4150,,,,,,20.0,0.0,0.0,0.0,0.0,right_only
M4159+P4159,,,,,,24.0,1.0,0.0,4.17,0.0,right_only
M4159A+P4159A,,,,,,6.0,0.0,0.0,0.0,0.0,right_only
M4177+P4177+I4177,,,,,,40.0,8.0,0.0,20.0,0.0,right_only
M4181+P4181,"Mao Foods, Inc.                                                                                     ",5687.0,209.0,0.0,3.0,45.0,0.0,0.0,0.0,0.0,both
M4187+P4187+V4187,,,,,,29.0,0.0,0.0,0.0,0.0,right_only
M4255+P4255,,,,,,2.0,1.0,0.0,50.0,0.0,right_only
M426+P17065,,,,,,23.0,0.0,0.0,0.0,0.0,right_only
M42886+P42886,,,,,,5.0,0.0,0.0,0.0,0.0,right_only
M4322+P4322,,,,,,1.0,0.0,0.0,0.0,0.0,right_only
M4365+P4365,,,,,,1.0,1.0,0.0,100.0,0.0,right_only
M4398+P4398,,,,,,56.0,5.0,0.0,8.93,0.0,right_only
M44121+P44121,Pelleh Poultry Corp.                                                                                ,123475.0,234.0,0.0,0.0,49.0,11.0,0.0,22.45,0.0,both
M44127+P44127,,,,,,19.0,7.0,0.0,36.84,0.0,right_only
M443+P443+V443,,,,,,23.0,1.0,0.0,4.35,0.0,right_only
M4445+P4445,,,,,,2.0,0.0,0.0,0.0,0.0,right_only
M4460+P4460+V4460,,,,,,31.0,1.0,0.0,3.23,0.0,right_only
M44762+P44762,,,,,,2.0,0.0,0.0,0.0,0.0,right_only
M44801+P44801,Halal Transaction of USA llc                                                                        ,123357.0,90.0,0.0,0.0,,,,,,left_only
M44801+P44801,,,,,,1.0,0.0,0.0,0.0,0.0,right_only
M44910+P44910+V44910,Rising Spring Meat Co.                                                                              ,123639.0,14.0,0.0,0.0,,,,,,left_only
M44941+P44941,,,,,,1.0,1.0,0.0,100.0,0.0,right_only
M44946+P44946,,,,,,24.0,0.0,0.0,0.0,0.0,right_only
M44976+P44976,,,,,,25.0,6.0,0.0,24.0,0.0,right_only
M45056+P45056,,,,,,21.0,1.0,0.0,4.76,0.0,right_only
M45080+P45080,,,,,,23.0,0.0,0.0,0.0,0.0,right_only
M45141+P45141,,,,,,17.0,0.0,0.0,0.0,0.0,right_only
M45179+P45179,,,,,,22.0,1.0,0.0,4.55,0.0,right_only
M45190+P45190,Garden Path Farms                                                                                   ,124546.0,51.0,0.0,0.0,2.0,1.0,0.0,50.0,0.0,both
M451B+P451B,,,,,,11.0,0.0,0.0,0.0,0.0,right_only
M45243+P45243,,,,,,19.0,1.0,0.0,5.26,0.0,right_only
M45288B+P45288B,,,,,,36.0,8.0,0.0,22.22,0.0,right_only
M45317+P45317,,,,,,2.0,0.0,0.0,0.0,0.0,right_only
M45345+P45345,,,,,,38.0,10.0,0.0,26.32,0.0,right_only
M45348+P45348,,,,,,1.0,0.0,0.0,0.0,0.0,right_only
M45394+P45394,,,,,,1.0,0.0,0.0,0.0,0.0,right_only
M45407+P45407,,,,,,19.0,4.0,0.0,21.05,0.0,right_only
M45420+P45420,,,,,,1.0,0.0,0.0,0.0,0.0,right_only
M45427+P45427+V45427,Phil's Farm                                                                                         ,126876.0,40.0,0.0,0.0,,,,,,left_only
M45433+P45433,,,,,,22.0,3.0,0.0,13.64,0.0,right_only
M45457+P45457,,,,,,24.0,7.0,0.0,29.17,0.0,right_only
M45476+P45476,,,,,,1.0,0.0,0.0,0.0,0.0,right_only
M45479+P45479,"Rettland Farm, LLC                                                                                  ",127028.0,127.0,0.0,0.0,11.0,0.0,0.0,0.0,0.0,both
M4548+P4548,,,,,,2.0,0.0,0.0,0.0,0.0,right_only
M45484+P45484,,,,,,21.0,3.0,0.0,14.29,0.0,right_only
M45525+P45525+V45525,Pine Creek Processing LLC                                                                           ,127117.0,132.0,1.0,0.0,23.0,13.0,0.0,56.52,0.0,both
M4553+P4553,,,,,,2.0,0.0,0.0,0.0,0.0,right_only
M45565+P45565,,,,,,55.0,1.0,0.0,1.82,0.0,right_only
M45594+P45594,,,,,,1.0,0.0,0.0,0.0,0.0,right_only
M45597+P45597,,,,,,24.0,1.0,0.0,4.17,0.0,right_only
M45599+P45599+V45599,"Lake Haven Custom Meat Processing, LLC                                                              ",127319.0,37.0,0.0,0.0,,,,,,left_only
M45638+P45638,,,,,,47.0,24.0,0.0,51.06,0.0,right_only
M45640+P45640,,,,,,1.0,0.0,0.0,0.0,0.0,right_only
M45652+P45652,,,,,,23.0,3.0,0.0,13.04,0.0,right_only
M45687+P45687,,,,,,3.0,1.0,0.0,33.33,0.0,right_only
M45690+P45690,,,,,,23.0,2.0,0.0,8.7,0.0,right_only
M45721+P45721,,,,,,20.0,0.0,0.0,0.0,0.0,right_only
M45750+P45750,,,,,,1.0,0.0,0.0,0.0,0.0,right_only
M45754+P45754,,,,,,8.0,1.0,0.0,12.5,0.0,right_only
M45769+P45769,,,,,,13.0,1.0,0.0,7.69,0.0,right_only
M45798+P45798+V45798,,,,,,1.0,0.0,0.0,0.0,0.0,right_only
M45848+P45848,,,,,,1.0,0.0,0.0,0.0,0.0,right_only
M45855+P45855,,,,,,39.0,8.0,0.0,20.51,0.0,right_only
M45884+P45884,,,,,,20.0,2.0,0.0,10.0,0.0,right_only
M45888+P45888,,,,,,1.0,0.0,0.0,0.0,0.0,right_only
M45891+P45891,,,,,,17.0,0.0,0.0,0.0,0.0,right_only
M45911+P45911+V45911,Meridian Meat Packers                                                                               ,6162780.0,35.0,0.0,0.0,,,,,,left_only
M4592+P4592,,,,,,1.0,0.0,0.0,0.0,0.0,right_only
M45989+P45989,,,,,,2.0,1.0,0.0,50.0,0.0,right_only
M46089+P46089+V46089,,,,,,21.0,0.0,0.0,0.0,0.0,right_only
M46139+P46139+V46139,Cypress Valley Meat Company                                                                         ,6163437.0,5.0,0.0,0.0,,,,,,left_only
M46205+P46205+V46205,,,,,,53.0,13.0,0.0,24.53,0.0,right_only
M46231+P46231,,,,,,38.0,8.0,0.0,21.05,0.0,right_only
M46248+P46248,,,,,,3.0,3.0,0.0,100.0,0.0,right_only
M4625+P4625,,,,,,1.0,0.0,0.0,0.0,0.0,right_only
M46255+P46255,,,,,,24.0,2.0,0.0,8.33,0.0,right_only
M46324A+P46324A+V46324A,Morning Star Poultry                                                                                ,6165029.0,233.0,0.0,0.0,63.0,3.0,0.0,4.76,0.0,both
M46370+P46370+V46370,,,,,,2.0,0.0,0.0,0.0,0.0,right_only
M46387+P46387,,,,,,2.0,0.0,0.0,0.0,0.0,right_only
M46411+P46411,,,,,,1.0,0.0,0.0,0.0,0.0,right_only
M46498+P46498,"Westminster Meat Packing, Inc.                                                                      ",6164241.0,154.0,0.0,0.0,47.0,14.0,0.0,29.79,0.0,both
M46499+P46499,,,,,,1.0,0.0,0.0,0.0,0.0,right_only
M4651+P4651,,,,,,1.0,0.0,0.0,0.0,0.0,right_only
M4651A+P4651A,,,,,,2.0,1.0,0.0,50.0,0.0,right_only
M46525+P46525,,,,,,1.0,0.0,0.0,0.0,0.0,right_only
M4653+P4653,,,,,,31.0,8.0,0.0,25.81,0.0,right_only
M4653A+P4653A+V4653A,"Agri Star Meat and Poultry, LLC                                                                     ",3356.0,246.0,0.0,0.0,54.0,0.0,0.0,0.0,0.0,both
M46594+P46594,,,,,,2.0,0.0,0.0,0.0,0.0,right_only
M46617+P46617,,,,,,1.0,0.0,0.0,0.0,0.0,right_only
M46689+P46689,,,,,,55.0,7.0,0.0,12.73,0.0,right_only
M46730+P46730,"NGF Processing, LLC                                                                                 ",6164667.0,33.0,0.0,0.0,,,,,,left_only
M46777+P46777,,,,,,3.0,0.0,0.0,0.0,0.0,right_only
M46808+P46808,,,,,,1.0,0.0,0.0,0.0,0.0,right_only
M46818+P46818,,,,,,1.0,0.0,0.0,0.0,0.0,right_only
M46828+P46828+V46828,,,,,,1.0,0.0,0.0,0.0,0.0,right_only
M46835+P46835,,,,,,23.0,3.0,0.0,13.04,0.0,right_only
M46841+P46841+V46841,,,,,,3.0,0.0,0.0,0.0,0.0,right_only
M4686+P4686+V4686,,,,,,4.0,0.0,0.0,0.0,0.0,right_only
M46870+P46870,,,,,,42.0,11.0,0.0,26.19,0.0,right_only
M46910+P46910+V46910,B & R Meat Processing                                                                               ,126548.0,29.0,0.0,0.0,12.0,2.0,0.0,16.67,0.0,both
M4692+P4692,,,,,,11.0,1.0,0.0,9.09,0.0,right_only
M46942+P46942,Maple Wind Farm                                                                                     ,126606.0,45.0,0.0,0.0,2.0,0.0,0.0,0.0,0.0,both
M46953+P46953,,,,,,6.0,1.0,0.0,16.67,0.0,right_only
M46966+P46966,,,,,,20.0,4.0,0.0,20.0,0.0,right_only
M46970+P46970+V46970,307 Meat Company                                                                                    ,6164835.0,2.0,0.0,0.0,,,,,,left_only
M47039+P47039,,,,,,24.0,0.0,0.0,0.0,0.0,right_only
M47082+P47082,,,,,,24.0,1.0,0.0,4.17,0.0,right_only
M47104+P47104+V47104,Fort Worth Meat Packers LLC                                                                         ,6165066.0,2.0,0.0,0.0,,,,,,left_only
M47104B+P47104B+V47104B,Fort Worth Meat Packers LLC                                                                         ,6165067.0,3.0,0.0,0.0,,,,,,left_only
M47300+P47300,,,,,,23.0,2.0,0.0,8.7,0.0,right_only
M47307+P47307,,,,,,9.0,1.0,0.0,11.11,0.0,right_only
M47311+P47311,,,,,,8.0,0.0,0.0,0.0,0.0,right_only
M47452+P47452,,,,,,15.0,0.0,0.0,0.0,0.0,right_only
M47462+P47462,,,,,,12.0,0.0,0.0,0.0,0.0,right_only
M47472+P47472,,,,,,2.0,0.0,0.0,0.0,0.0,right_only
M47486+P47486,,,,,,24.0,4.0,0.0,16.67,0.0,right_only
M4750+P4750,,,,,,1.0,0.0,0.0,0.0,0.0,right_only
M47529+P47529,Sustainable Meats LLC                                                                               ,6165743.0,15.0,0.0,0.0,,,,,,left_only
M47579+P47579,Tyson Foods Inc.                                                                                    ,6165818.0,544.0,0.0,1.0,106.0,8.0,0.0,7.55,0.0,both
M47592A+P47592A,,,,,,1.0,0.0,0.0,0.0,0.0,right_only
M47597+P47597,,,,,,24.0,0.0,0.0,0.0,0.0,right_only
M47697+P47697,,,,,,20.0,0.0,0.0,0.0,0.0,right_only
M47710+P47710+V47710,Black River Meats                                                                                   ,6166028.0,2.0,0.0,0.0,,,,,,left_only
M47770+P47770,,,,,,2.0,1.0,0.0,50.0,0.0,right_only
M47793+P47793,,,,,,9.0,0.0,0.0,0.0,0.0,right_only
M47825+P47825,,,,,,26.0,1.0,0.0,3.85,0.0,right_only
M47847+P47847,Taiba LLC                                                                                           ,6166321.0,223.0,0.0,0.0,,,,,,left_only
M47880+P47880,Highland Farm Fresh LLC                                                                             ,6167417.0,43.0,0.0,0.0,,,,,,left_only
M47910+P47910,,,,,,22.0,0.0,0.0,0.0,0.0,right_only
M47921+P47921,,,,,,1.0,0.0,0.0,0.0,0.0,right_only
M47937+P47937,,,,,,22.0,0.0,0.0,0.0,0.0,right_only
M47988+P47988,,,,,,17.0,2.0,0.0,11.76,0.0,right_only
M4799+P4799,,,,,,1.0,0.0,0.0,0.0,0.0,right_only
M4800+P4800+V4800,,,,,,23.0,1.0,0.0,4.35,0.0,right_only
M48087+P48087+V48087,,,,,,2.0,0.0,0.0,0.0,0.0,right_only
M48109+P48109,,,,,,14.0,1.0,0.0,7.14,0.0,right_only
M48119+P48119,,,,,,60.0,7.0,0.0,11.67,0.0,right_only
M48130+P48130,,,,,,1.0,0.0,0.0,0.0,0.0,right_only
M48141+P48141,,,,,,24.0,2.0,0.0,8.33,0.0,right_only
M48156+P48156,,,,,,5.0,0.0,0.0,0.0,0.0,right_only
M48159+P48159+V48159,,,,,,4.0,0.0,0.0,0.0,0.0,right_only
M48209+P48209,,,,,,39.0,12.0,0.0,30.77,0.0,right_only
M48235+P48235+V48235,,,,,,28.0,5.0,0.0,17.86,0.0,right_only
M48272+P48272,,,,,,8.0,1.0,0.0,12.5,0.0,right_only
M4828+P4828,,,,,,6.0,1.0,0.0,16.67,0.0,right_only
M48281+P48281+V48281,"White Lake Foods, LLC                                                                               ",6163490.0,283.0,0.0,0.0,47.0,7.0,0.0,14.89,0.0,both
M48286+P48286,,,,,,21.0,3.0,0.0,14.29,0.0,right_only
M4838+P4838,,,,,,9.0,0.0,0.0,0.0,0.0,right_only
M4846+P4846,,,,,,48.0,14.0,0.0,29.17,0.0,right_only
M4847+P4847,,,,,,17.0,2.0,0.0,11.76,0.0,right_only
M4871+P4871,,,,,,24.0,1.0,0.0,4.17,0.0,right_only
M4873+P4873,,,,,,15.0,0.0,0.0,0.0,0.0,right_only
M4876+P4876,,,,,,2.0,0.0,0.0,0.0,0.0,right_only
M4894+P4894+V4894,,,,,,20.0,4.0,0.0,20.0,0.0,right_only
M4934+P4934,,,,,,52.0,11.0,0.0,21.15,0.0,right_only
M4985+P4985,,,,,,22.0,0.0,0.0,0.0,0.0,right_only
M4989+P4989+V4989,,,,,,1.0,0.0,0.0,0.0,0.0,right_only
M5067+P5067,,,,,,4.0,1.0,0.0,25.0,0.0,right_only
M5072+P5072,,,,,,1.0,0.0,0.0,0.0,0.0,right_only
M5097+P5097,,,,,,35.0,9.0,0.0,25.71,0.0,right_only
M51204+P51204,,,,,,1.0,1.0,0.0,100.0,0.0,right_only
M51212+P51212+V51212,,,,,,2.0,0.0,0.0,0.0,0.0,right_only
M51255+P51255,Natural State Processing                                                                            ,6162809.0,155.0,0.0,0.0,47.0,5.0,0.0,10.64,0.0,both
M51302+P51302,Belmont Meats LLC                                                                                   ,6163296.0,32.0,0.0,0.0,14.0,2.0,0.0,14.29,0.0,both
M51351+P51351,Underground Slaughter LLC                                                                           ,6163957.0,51.0,0.0,1.0,8.0,2.0,0.0,25.0,0.0,both
M51354+P51354,,,,,,26.0,2.0,0.0,7.69,0.0,right_only
M5141+P5141,,,,,,1.0,0.0,0.0,0.0,0.0,right_only
M5142+P5142,,,,,,23.0,2.0,0.0,8.7,0.0,right_only
M5200+P5200+V5200,,,,,,2.0,1.0,0.0,50.0,0.0,right_only
M5221+P5221,,,,,,4.0,0.0,0.0,0.0,0.0,right_only
M5268+P5268,,,,,,20.0,17.0,0.0,85.0,0.0,right_only
M5275+P5275,,,,,,25.0,0.0,0.0,0.0,0.0,right_only
M5292+P5292,,,,,,25.0,0.0,0.0,0.0,0.0,right_only
M5294+P847,,,,,,4.0,2.0,0.0,50.0,0.0,right_only
M5351+P5351,,,,,,63.0,22.0,0.0,34.92,0.0,right_only
M53881+P53881,,,,,,1.0,0.0,0.0,0.0,0.0,right_only
M544+P544,Jennie-O Turkey Store                                                                               ,6164451.0,659.0,0.0,0.0,22.0,0.0,0.0,0.0,0.0,both
M5477+P5477,,,,,,3.0,0.0,0.0,0.0,0.0,right_only
M5489+P5489,,,,,,19.0,1.0,0.0,5.26,0.0,right_only
M549+P549,,,,,,1.0,0.0,0.0,0.0,0.0,right_only
M550+P18178+V18178,,,,,,21.0,1.0,0.0,4.76,0.0,right_only
M5533+P5533+V5533,"West Liberty Foods, LLC                                                                             ",3362.0,235.0,0.0,0.0,23.0,0.0,0.0,0.0,0.0,both
M5553+P5553,,,,,,1.0,0.0,0.0,0.0,0.0,right_only
M5562+P5562+V5562,,,,,,64.0,11.0,0.0,17.19,0.0,right_only
M56+P56,Pilgrim's Pride Corporation                                                                         ,2216.0,528.0,0.0,0.0,98.0,3.0,0.0,3.06,0.0,both
M5697+P5697+V5697,,,,,,3.0,1.0,0.0,33.33,0.0,right_only
M579+P579+V579,Jennie-O Turkey Store                                                                               ,2969.0,485.0,0.0,0.0,82.0,7.0,0.0,8.54,0.0,both
M5819+P5819+V5819,,,,,,23.0,3.0,0.0,13.04,0.0,right_only
M5837+P5837,,,,,,52.0,8.0,0.0,15.38,0.0,right_only
M5842+P5842+V5842,"Tyson Foods, Inc.                                                                                   ",3873.0,524.0,0.0,0.0,121.0,6.0,0.0,4.96,0.0,both
M5891+P5891,,,,,,1.0,0.0,0.0,0.0,0.0,right_only
M5916+P5916+V5916,,,,,,45.0,4.0,0.0,8.89,0.0,right_only
M5929+P5929,,,,,,2.0,0.0,0.0,0.0,0.0,right_only
M5952+P5952,,,,,,1.0,0.0,0.0,0.0,0.0,right_only
M6010T+P6010T+V6010T,,,,,,39.0,4.0,0.0,10.26,0.0,right_only
M6028A+P4114+V6028A,,,,,,26.0,0.0,0.0,0.0,0.0,right_only
M6052+P6052,,,,,,1.0,0.0,0.0,0.0,0.0,right_only
M6056A+P6056A,,,,,,11.0,10.0,0.0,90.91,0.0,right_only
M6070+P6070,,,,,,25.0,2.0,0.0,8.0,0.0,right_only
M6075+P6075+V6075,,,,,,22.0,4.0,0.0,18.18,0.0,right_only
M6086+P6086,,,,,,1.0,1.0,0.0,100.0,0.0,right_only
M6090+P6090,,,,,,24.0,3.0,0.0,12.5,0.0,right_only
M6119+P6119,,,,,,2.0,0.0,0.0,0.0,0.0,right_only
M6124+P6124+V6124,,,,,,25.0,2.0,0.0,8.0,0.0,right_only
M6137+P6137,"Foster Poultry Farms, LLC                                                                           ",5308.0,1059.0,1.0,1.0,115.0,16.0,0.0,13.91,0.0,both
M6153+P6153,,,,,,3.0,0.0,0.0,0.0,0.0,right_only
M6154+P6154,,,,,,1.0,0.0,0.0,0.0,0.0,right_only
M6206+P6206+V6206,,,,,,1.0,0.0,0.0,0.0,0.0,right_only
M6239+P6239+V6239,,,,,,26.0,1.0,0.0,3.85,0.0,right_only
M6267+P6267,,,,,,39.0,4.0,0.0,10.26,0.0,right_only
M6308+P6308,,,,,,1.0,0.0,0.0,0.0,0.0,right_only
M6313+P6313,,,,,,2.0,0.0,0.0,0.0,0.0,right_only
M6366+P6366,,,,,,1.0,0.0,0.0,0.0,0.0,right_only
M6396+P6396,,,,,,2.0,0.0,0.0,0.0,0.0,right_only
M6424+P6424,,,,,,1.0,0.0,0.0,0.0,0.0,right_only
M6426+P6426+V6426,,,,,,1.0,0.0,0.0,0.0,0.0,right_only
M6444+P6444+V6444,,,,,,1.0,0.0,0.0,0.0,0.0,right_only
M6474+P6474,,,,,,1.0,0.0,0.0,0.0,0.0,right_only
M6479+P6479,,,,,,1.0,0.0,0.0,0.0,0.0,right_only
M6555+P34794,,,,,,1.0,0.0,0.0,0.0,0.0,right_only
M6574+P6574,,,,,,22.0,1.0,0.0,4.55,0.0,right_only
M6640+P6640,,,,,,8.0,0.0,0.0,0.0,0.0,right_only
M6645+P6645,,,,,,23.0,2.0,0.0,8.7,0.0,right_only
M667+P667,Mountaire Farms Inc.                                                                                ,2249.0,511.0,0.0,0.0,111.0,2.0,0.0,1.8,0.0,both
M6692+P6692,,,,,,7.0,4.0,0.0,57.14,0.0,right_only
M6765+P6765,,,,,,7.0,1.0,0.0,14.29,0.0,right_only
M6916+P6916+V6916,,,,,,14.0,1.0,0.0,7.14,0.0,right_only
M6934+P6934,,,,,,37.0,7.0,0.0,18.92,0.0,right_only
M6987+P6987,,,,,,8.0,3.0,0.0,37.5,0.0,right_only
M7091A+P7091A,,,,,,56.0,10.0,0.0,17.86,0.0,right_only
M7100+P7100+V7100,"Tyson Foods, Inc.                                                                                   ",3880.0,500.0,0.0,1.0,108.0,0.0,0.0,0.0,0.0,both
M7147+P7147+V7147,,,,,,40.0,4.0,0.0,10.0,0.0,right_only
M7231+P7231,,,,,,90.0,13.0,0.0,14.44,0.0,right_only
M7271+P7271,,,,,,25.0,2.0,0.0,8.0,0.0,right_only
M7345+P7345,"Butterball, LLC                                                                                     ",651.0,744.0,0.0,0.0,61.0,15.0,0.0,24.59,0.0,both
M737+P737,House of Raeford - Wallace Div                                                                      ,581.0,490.0,0.0,0.0,125.0,5.0,0.0,4.0,0.0,both
M7415+P7415+V7415,,,,,,1.0,0.0,0.0,0.0,0.0,right_only
M7424+P184,,,,,,19.0,1.0,0.0,5.26,0.0,right_only
M7428+P7428+V7428,"Joyce Foods, Inc.                                                                                   ",656.0,107.0,0.0,0.0,62.0,10.0,0.0,16.13,0.0,both
M744+P744,Vineland Poultry LLC                                                                                ,846.0,153.0,0.0,0.0,33.0,6.0,0.0,18.18,0.0,both
M7470+P7470,Mountaire Farms Inc. - NC Division                                                                  ,664.0,535.0,0.0,2.0,106.0,0.0,0.0,0.0,0.0,both
M7471+P7471,,,,,,19.0,3.0,0.0,15.79,0.0,right_only
M7478+P1,"Tyson Foods, Inc.                                                                                   ",567.0,517.0,0.0,1.0,110.0,3.0,0.0,2.73,0.0,both
M751+P1049,Pitman Farms Inc. (Moroni Turkey Processing)                                                        ,4807.0,245.0,0.0,1.0,77.0,19.0,0.0,24.68,0.0,both
M7559+P134+V7559,David Elliot Poultry Farm Inc.                                                                      ,6530.0,257.0,0.0,0.0,48.0,22.0,0.0,45.83,0.0,both
M7567+P7567,,,,,,40.0,8.0,0.0,20.0,0.0,right_only
M757+P757+V757,The Hillshire Brands Company                                                                        ,3276.0,547.0,0.0,0.0,22.0,0.0,0.0,0.0,0.0,both
M7696+P7696,,,,,,2.0,0.0,0.0,0.0,0.0,right_only
M7697+P7697+V7697,,,,,,1.0,0.0,0.0,0.0,0.0,right_only
M77+P77+V3767,,,,,,4.0,0.0,0.0,0.0,0.0,right_only
M7817+P7817,,,,,,1.0,0.0,0.0,0.0,0.0,right_only
M7831+P7831+V7831,,,,,,1.0,0.0,0.0,0.0,0.0,right_only
M7834+P7834,,,,,,13.0,3.0,0.0,23.08,0.0,right_only
M7875+P7875+G7875+V7875,"Joe Jurgielewicz & Son, Ltd.                                                                        ",6536.0,247.0,0.0,0.0,,,,,,left_only
M7877A+P7877A+V7877A,,,,,,6.0,4.0,0.0,66.67,0.0,right_only
M7900+P7900,,,,,,23.0,0.0,0.0,0.0,0.0,right_only
M7964+P7964,,,,,,9.0,1.0,0.0,11.11,0.0,right_only
M8030+P8030+V8030,,,,,,1.0,0.0,0.0,0.0,0.0,right_only
M810+P810,Pilgrim's Pride Corporation                                                                         ,1906.0,516.0,0.0,0.0,112.0,6.0,0.0,5.36,0.0,both
M8118+P8118+V8118,,,,,,1.0,0.0,0.0,0.0,0.0,right_only
M8126+P8126,,,,,,1.0,0.0,0.0,0.0,0.0,right_only
M8139+P8139,,,,,,100.0,29.0,0.0,29.0,0.0,right_only
M8271+P8271,,,,,,1.0,1.0,0.0,100.0,0.0,right_only
M8274+P8274,,,,,,1.0,0.0,0.0,0.0,0.0,right_only
M829+P829,"Juniper Creek Farms, LLC                                                                            ",6166925.0,41.0,0.0,0.0,1.0,0.0,0.0,0.0,0.0,both
M8328+P8328,,,,,,25.0,1.0,0.0,4.0,0.0,right_only
M8364+P8364,,,,,,1.0,0.0,0.0,0.0,0.0,right_only
M8388+P8388,,,,,,2.0,1.0,0.0,50.0,0.0,right_only
M8389+P8389+V8389,,,,,,23.0,2.0,0.0,8.7,0.0,right_only
M8403+P8403,,,,,,1.0,0.0,0.0,0.0,0.0,right_only
M8406+P8406+V8406,,,,,,24.0,2.0,0.0,8.33,0.0,right_only
M8466+P8466,,,,,,40.0,18.0,0.0,45.0,0.0,right_only
M8727+P8727+V8727,,,,,,41.0,21.0,0.0,51.22,0.0,right_only
M8756+P8756,,,,,,1.0,0.0,0.0,0.0,0.0,right_only
M8777+P8777,,,,,,2.0,0.0,0.0,0.0,0.0,right_only
M8839+P8839,,,,,,1.0,0.0,0.0,0.0,0.0,right_only
M8855+P8855,,,,,,1.0,0.0,0.0,0.0,0.0,right_only
M8876+P8876,,,,,,2.0,1.0,0.0,50.0,0.0,right_only
M8899+P8899,,,,,,3.0,0.0,0.0,0.0,0.0,right_only
M8951+P8951+V8951,,,,,,2.0,0.0,0.0,0.0,0.0,right_only
M8983+P8983,,,,,,45.0,3.0,0.0,6.67,0.0,right_only
M8984+P8984,,,,,,2.0,0.0,0.0,0.0,0.0,right_only
M9120+P9120,,,,,,20.0,1.0,0.0,5.0,0.0,right_only
M9141+P9141,,,,,,50.0,6.0,0.0,12.0,0.0,right_only
M9145H+P9145H,,,,,,12.0,7.0,0.0,58.33,0.0,right_only
M9179+P9179,,,,,,18.0,1.0,0.0,5.56,0.0,right_only
M9211+P9211,,,,,,23.0,0.0,0.0,0.0,0.0,right_only
M9246+P9246+V9246,Crystal Creek Meats                                                                                 ,6120.0,2.0,0.0,0.0,,,,,,left_only
M9305+P9305,,,,,,8.0,0.0,0.0,0.0,0.0,right_only
M9432+P9432+V9432,,,,,,1.0,0.0,0.0,0.0,0.0,right_only
M9681+P9681,,,,,,1.0,0.0,0.0,0.0,0.0,right_only
M9684+P9684,,,,,,20.0,0.0,0.0,0.0,0.0,right_only
M9760A+P9760A,,,,,,2.0,0.0,0.0,0.0,0.0,right_only
M9778+P9870,,,,,,1.0,0.0,0.0,0.0,0.0,right_only
M9783+P8422,,,,,,6.0,0.0,0.0,0.0,0.0,right_only
M9792+P9792,,,,,,5.0,0.0,0.0,0.0,0.0,right_only
M9977+P1325,"Tyson Foods, Inc.                                                                                   ",6847.0,415.0,0.0,0.0,55.0,4.0,0.0,7.27,0.0,both
P1009,Wayne Farms LLC                                                                                     ,3858.0,505.0,0.0,0.0,106.0,10.0,0.0,9.43,0.0,both
P1012,,,,,,39.0,2.0,0.0,5.13,0.0,right_only
P1096A,"VPGC,LLC                                                                                            ",9551.0,248.0,0.0,0.0,65.0,4.0,0.0,6.15,0.0,both
P1119,Sweet Pickins Farm                                                                                  ,6166904.0,29.0,0.0,0.0,,,,,,left_only
P1137,"Tyson Foods, Inc.                                                                                   ",4159.0,559.0,0.0,0.0,106.0,2.0,0.0,1.89,0.0,both
P1201,Pilgrim's Pride Corporation                                                                         ,586.0,543.0,0.0,0.0,104.0,8.0,0.0,7.69,0.0,both
P1209,Whitewater Processing LLC                                                                           ,1914.0,288.0,0.0,0.0,22.0,0.0,0.0,0.0,0.0,both
P1235,Wayne Farms LLC                                                                                     ,4509.0,493.0,0.0,0.0,111.0,3.0,0.0,2.7,0.0,both
P1243,"Perdue Foods, LLC.                                                                                  ",589.0,561.0,0.0,4.0,173.0,43.0,0.0,24.86,0.0,both
P1249,"George's Chicken, LLC                                                                               ",2264.0,521.0,0.0,0.0,124.0,8.0,0.0,6.45,0.0,both
P1250,Fieldale Farms Corporation                                                                          ,41.0,525.0,0.0,0.0,188.0,25.0,0.0,13.3,0.0,both
P1254+V1254,"Koch Foods of Ashland, LLC                                                                          ",4510.0,527.0,0.0,0.0,59.0,0.0,0.0,0.0,0.0,both
P1257,Fieldale Farms Corporation                                                                          ,44.0,514.0,0.0,0.0,78.0,3.0,0.0,3.85,0.0,both
P1272,Pilgrim's Pride Corporation                                                                         ,45.0,464.0,0.0,0.0,106.0,2.0,0.0,1.89,0.0,both
P1284,Pilgrim's Pride Corporation                                                                         ,48.0,516.0,0.0,0.0,101.0,5.0,0.0,4.95,0.0,both
P1294+V1294,Holmes Foods Inc.                                                                                   ,4161.0,252.0,0.0,0.0,78.0,2.0,0.0,2.56,0.0,both
P1304A+V1304A,,,,,,72.0,10.0,0.0,13.89,0.0,right_only
P1304B+V1304B,"Farmers Pride, Inc.                                                                                 ",6166200.0,536.0,0.0,0.0,,,,,,left_only
P1304B+V1304B,,,,,,96.0,10.0,0.0,10.42,0.0,right_only
P1307,Mar-Jac Poultry-AL                                                                                  ,4567.0,529.0,0.0,0.0,142.0,11.0,0.0,7.75,0.0,both
P1309,House of Raeford Farms Inc.                                                                         ,592.0,508.0,0.0,1.0,112.0,4.0,0.0,3.57,0.0,both
P1315,"Tyson Foods, Inc.                                                                                   ",3570.0,419.0,0.0,0.0,107.0,6.0,0.0,5.61,0.0,both
P1317+V1317,Wayne Farms LLC                                                                                     ,4495.0,491.0,0.0,0.0,104.0,2.0,0.0,1.92,0.0,both
P1318,"Perdue Foods, LLC                                                                                   ",2267.0,736.0,0.0,0.0,110.0,5.0,0.0,4.55,0.0,both
P13369+V13369,"George's Processing, Inc.                                                                           ",3752.0,462.0,0.0,0.0,78.0,2.0,0.0,2.56,0.0,both
P1353,Pilgrim's Pride Corporation                                                                         ,4568.0,517.0,0.0,1.0,76.0,1.0,0.0,1.32,0.0,both
P13584+V13584,,,,,,72.0,4.0,0.0,5.56,0.0,right_only
P1480,"Tip Top Poultry, Inc.                                                                               ",53.0,492.0,0.0,0.0,30.0,3.0,0.0,10.0,0.0,both
P1525,,,,,,26.0,4.0,0.0,15.38,0.0,right_only
P15724+V15724,Case Farms Processing                                                                               ,2091.0,543.0,0.0,7.0,99.0,7.0,0.0,7.07,0.0,both
P1605,"Tide Mill Organic Farm, LLC                                                                         ",6167063.0,76.0,0.0,0.0,19.0,1.0,0.0,5.26,0.0,both
P164,Tyson Foods Inc                                                                                     ,4538.0,,,,100.0,12.0,0.0,12.0,0.0,right_only
P164,"Tyson Foods, Inc.                                                                                   ",4538.0,506.0,0.0,2.0,,,,,,left_only
P165H,Bachoco OK Foods                                                                                    ,3833.0,503.0,0.0,3.0,103.0,5.0,0.0,4.85,0.0,both
P165M+V165M,,,,,,49.0,8.0,0.0,16.33,0.0,right_only
P165S+V165S,Bachoco OK Foods                                                                                    ,3850.0,514.0,0.0,2.0,110.0,8.0,0.0,7.27,0.0,both
P170,Wayne Farms LLC                                                                                     ,8.0,505.0,0.0,0.0,110.0,8.0,0.0,7.27,0.0,both
P17336,,,,,,22.0,0.0,0.0,0.0,0.0,right_only
P17340,Pilgrim's Pride Corporation                                                                         ,2111.0,523.0,0.0,0.0,107.0,6.0,0.0,5.61,0.0,both
P17500,Pilgrim's Pride Corporation                                                                         ,4526.0,503.0,0.0,0.0,107.0,3.0,0.0,2.8,0.0,both
P177,Pilgrim's Pride Corporation                                                                         ,9.0,545.0,0.0,0.0,114.0,6.0,0.0,5.26,0.0,both
P17734,Stonewood Farm Inc.                                                                                 ,1819.0,30.0,0.0,0.0,4.0,0.0,0.0,0.0,0.0,both
P17766,"Southern Hens, Inc                                                                                  ",4729.0,209.0,0.0,0.0,,,,,,left_only
P1777,Sun Berry Orchard Inc                                                                               ,6167190.0,2.0,0.0,0.0,,,,,,left_only
P1788+V1788,Steadfast Farms Poultry Processing & Slaughter LLC                                                  ,6167199.0,40.0,0.0,0.0,1.0,1.0,0.0,100.0,0.0,both
P17966+V17966,"HVFG, LLC                                                                                           ",1384.0,261.0,0.0,0.0,1.0,0.0,0.0,0.0,0.0,both
P18,Cargill Meat Solutions                                                                              ,2230.0,,,,80.0,27.0,0.0,33.75,0.0,right_only
P18,Cargill Meat Solutions Corporation                                                                  ,2230.0,472.0,0.0,0.0,,,,,,left_only
P18285,Perdue Foods LLC                                                                                    ,734.0,390.0,0.0,0.0,124.0,11.0,0.0,8.87,0.0,both
P18414,MB Consultants LTD                                                                                  ,1406.0,247.0,0.0,0.0,45.0,1.0,0.0,2.22,0.0,both
P18438B,"Dupont Market, Inc. dba Grimaud Farms                                                               ",6164113.0,250.0,0.0,0.0,56.0,13.0,0.0,23.21,0.0,both
P18491,,,,,,23.0,2.0,0.0,8.7,0.0,right_only
P18557,"Sanderson Farms, Inc.                                                                               ",4530.0,508.0,0.0,0.0,100.0,4.0,0.0,4.0,0.0,both
P18860,Sing Wah Live Poultry Mkt Inc                                                                       ,1442.0,288.0,0.0,0.0,,,,,,left_only
P18978,Misty Knoll Farms                                                                                   ,1840.0,126.0,0.0,0.0,70.0,5.0,0.0,7.14,0.0,both
P19112,Perdue Foods LLC                                                                                    ,2160.0,515.0,0.0,0.0,110.0,4.0,0.0,3.64,0.0,both
P19128,Case Farms Processing                                                                               ,750.0,542.0,0.0,0.0,109.0,9.0,0.0,8.26,0.0,both
P19150+V19150,La Belle Farm Inc                                                                                   ,7889.0,219.0,0.0,0.0,37.0,26.0,0.0,70.27,0.0,both
P19152+V19152,,,,,,53.0,2.0,0.0,3.77,0.0,right_only
P192,Pilgrim's Pride Corporation                                                                         ,4501.0,520.0,0.0,0.0,106.0,2.0,0.0,1.89,0.0,both
P19375,LTF Family Farm                                                                                     ,2170.0,3.0,0.0,0.0,,,,,,left_only
P19378,,,,,,57.0,6.0,0.0,10.53,0.0,right_only
P1938,Frango Mineiro Live Butcher Shop LLC                                                                ,6167349.0,103.0,0.0,0.0,,,,,,left_only
P1938,,,,,,2.0,1.0,0.0,50.0,0.0,right_only
P19456A,,,,,,40.0,4.0,0.0,10.0,0.0,right_only
P1949,"Simmons Prepared Foods, Inc.                                                                        ",6164265.0,502.0,0.0,0.0,97.0,3.0,0.0,3.09,0.0,both
P19514,"Tyson Foods, Inc.                                                                                   ",2173.0,544.0,0.0,6.0,112.0,6.0,0.0,5.36,0.0,both
P19688+V19688,"Sanderson Farms, Inc.                                                                               ",4420.0,589.0,0.0,0.0,112.0,5.0,0.0,4.46,0.0,both
P1978,Pasture Raised Foods LLC                                                                            ,6167518.0,146.0,0.0,0.0,76.0,14.0,0.0,18.42,0.0,both
P19865+V19865,House of Raeford Farms of LA                                                                        ,4093.0,529.0,0.0,0.0,118.0,11.0,0.0,9.32,0.0,both
P19871,,,,,,22.0,1.0,0.0,4.55,0.0,right_only
P20138,Bo-Bo Poultry Market Inc                                                                            ,1515.0,292.0,0.0,0.0,,,,,,left_only
P20245,"Keystone Foods, LLC                                                                                 ",2197.0,506.0,0.0,0.0,126.0,6.0,0.0,4.76,0.0,both
P20251,"Tecumseh Poultry, Inc                                                                               ",3518.0,340.0,0.0,0.0,,,,,,left_only
P20251,"Tecumseh Poultry, LLC                                                                               ",3518.0,,,,35.0,2.0,0.0,5.71,0.0,right_only
P20256,,,,,,22.0,1.0,0.0,4.55,0.0,right_only
P2028+G2028,"Culver Duck Farms, Inc.                                                                             ",2561.0,220.0,0.0,0.0,,,,,,left_only
P206+V206,Pilgrim's Pride Corporation                                                                         ,4141.0,476.0,0.0,0.0,91.0,3.0,0.0,3.3,0.0,both
P20604+V20604,"Gerber Poultry, LLC                                                                                 ",2208.0,246.0,0.0,0.0,,,,,,left_only
P20604+V20604,,,,,,166.0,32.0,0.0,19.28,0.0,right_only
P20699A,,,,,,63.0,7.0,0.0,11.11,0.0,right_only
P208+V208,"George's Processing, Inc.                                                                           ",3851.0,516.0,0.0,0.0,106.0,8.0,0.0,7.55,0.0,both
P211,"Palmetto Pigeon Plant, Inc.                                                                         ",7996.0,159.0,0.0,0.0,23.0,12.0,0.0,52.17,0.0,both
P21234,Perdue Foods LLC                                                                                    ,7855.0,504.0,0.0,0.0,86.0,8.0,0.0,9.3,0.0,both
P21666+V21666,Sunleaf Farms                                                                                       ,8284.0,95.0,0.0,0.0,,,,,,left_only
P21709,"Ciales Poultry, Inc.                                                                                ",8377.0,41.0,0.0,0.0,,,,,,left_only
P2171,DiPaola Turkeys Inc.                                                                                ,891.0,6.0,0.0,0.0,1.0,0.0,0.0,0.0,0.0,both
P2178,PERDUE FOODS LLC                                                                                    ,2278.0,736.0,0.0,0.0,170.0,37.0,0.0,21.76,0.0,both
P218,Pilgrim's Pride Corporation                                                                         ,4142.0,501.0,0.0,1.0,93.0,5.0,0.0,5.38,0.0,both
P2180,Riley Family Farms dba Southern Heritage Foods                                                      ,6167569.0,55.0,0.0,0.0,,,,,,left_only
P2186,"GEORGE'S FOODS, LLC                                                                                 ",2279.0,523.0,0.0,1.0,118.0,8.0,0.0,6.78,0.0,both
P2191,,,,,,2.0,0.0,0.0,0.0,0.0,right_only
P22000,"Prestage Foods, Inc.                                                                                ",8371.0,247.0,0.0,1.0,84.0,9.0,0.0,10.71,0.0,both
P22065,RUMBLEWAY FARM                                                                                      ,9249.0,5.0,0.0,0.0,,,,,,left_only
P2372,DRR Processing LLC                                                                                  ,6167729.0,229.0,0.0,0.0,12.0,5.0,0.0,41.67,0.0,both
P2386,Saba Poultry 3 Corp                                                                                 ,6167789.0,284.0,0.0,0.0,,,,,,left_only
P242+V242,"Schiltz Foods, Inc.                                                                                 ",2955.0,22.0,0.0,0.0,,,,,,left_only
P243,"Tyson Foods, Inc.                                                                                   ",15.0,336.0,0.0,0.0,89.0,0.0,0.0,0.0,0.0,both
P244+V244A,Plainville Farms                                                                                    ,6488.0,220.0,0.0,0.0,81.0,9.0,0.0,11.11,0.0,both
P247,"Sanderson Farms, Inc. (Processing Div)                                                              ",4554.0,497.0,0.0,0.0,92.0,1.0,0.0,1.09,0.0,both
P2603+V2603,Quail International Inc.                                                                            ,123270.0,22.0,0.0,0.0,,,,,,left_only
P2632,Pilgrim's Pride Corporation                                                                         ,60.0,641.0,0.0,0.0,108.0,4.0,0.0,3.7,0.0,both
P2686,"Keystone Foods, LLC                                                                                 ",63.0,442.0,0.0,0.0,100.0,4.0,0.0,4.0,0.0,both
P27+V27,"Tyson Foods, Inc.                                                                                   ",3937.0,492.0,0.0,0.0,22.0,2.0,0.0,9.09,0.0,both
P286,Perdue Foods LLC                                                                                    ,2501.0,464.0,0.0,1.0,71.0,23.0,0.0,32.39,0.0,both
P2882,Perdue Foods LLC                                                                                    ,5204.0,272.0,0.0,0.0,64.0,6.0,0.0,9.38,0.0,both
P2894,House of Raeford Vienna                                                                             ,6168273.0,404.0,0.0,0.0,88.0,3.0,0.0,3.41,0.0,both
P2950,Rockstar Farms Specialty Meat Company                                                               ,6168309.0,2.0,0.0,0.0,,,,,,left_only
P300,"Maple Leaf Farms, Inc.                                                                              ",2486.0,440.0,0.0,0.0,,,,,,left_only
P308,Koch Foods of Mississippi                                                                           ,4487.0,511.0,0.0,2.0,93.0,8.0,0.0,8.6,0.0,both
P31881+V31881,,,,,,24.0,4.0,0.0,16.67,0.0,right_only
P31944,"Au Bon Canard Foie Gras, Inc.                                                                       ",9539.0,13.0,0.0,0.0,,,,,,left_only
P32,"Mar-Jac Poultry, Inc.                                                                               ",2.0,689.0,0.0,1.0,103.0,2.0,0.0,1.94,0.0,both
P320,"Sanderson Farms, Inc.                                                                               ",4540.0,509.0,0.0,0.0,108.0,2.0,0.0,1.85,0.0,both
P32143,Otto's Poultry Inc.                                                                                 ,9820.0,122.0,0.0,0.0,67.0,23.0,0.0,34.33,0.0,both
P32174,,,,,,55.0,6.0,0.0,10.91,0.0,right_only
P32182,"Sanderson Farms, Inc.                                                                               ",9808.0,510.0,0.0,0.0,108.0,3.0,0.0,2.78,0.0,both
P325,"Tyson Foods, Inc.                                                                                   ",4128.0,386.0,0.0,0.0,101.0,1.0,0.0,0.99,0.0,both
P3302,Cluck Ya Poultry                                                                                    ,6168673.0,50.0,0.0,0.0,,,,,,left_only
P3302,,,,,,2.0,2.0,0.0,100.0,0.0,right_only
P33900+V33900,"Case Farms, Processing                                                                              ",13257.0,327.0,0.0,0.0,,,,,,left_only
P33900+V33900,"Foster Poultry Farms, LLC                                                                           ",13257.0,,,,108.0,6.0,0.0,5.56,0.0,right_only
P34084,,,,,,40.0,15.0,0.0,37.5,0.0,right_only
P341,Golden Rod Broilers                                                                                 ,4541.0,253.0,0.0,0.0,58.0,7.0,0.0,12.07,0.0,both
P3412,Redemption Acres LLC                                                                                ,6168765.0,8.0,0.0,0.0,,,,,,left_only
P34308,"Sanderson Farms, Inc.                                                                               ",12461.0,508.0,0.0,0.0,97.0,2.0,0.0,2.06,0.0,both
P34438,Ga Dong Nai                                                                                         ,12606.0,163.0,0.0,0.0,,,,,,left_only
P34453,,,,,,33.0,2.0,0.0,6.06,0.0,right_only
P34508,Kam Fung Wong                                                                                       ,12592.0,293.0,0.0,0.0,,,,,,left_only
P34626,Alnoor Halal Poultry Market                                                                         ,12787.0,222.0,2.0,0.0,,,,,,left_only
P34805,,,,,,25.0,1.0,0.0,4.0,0.0,right_only
P3662,Country Tyme Poultry                                                                                ,6168977.0,2.0,0.0,0.0,,,,,,left_only
P38466,Sensenig Turkey Farm LLC                                                                            ,13387.0,193.0,0.0,0.0,36.0,4.0,0.0,11.11,0.0,both
P38555,Anco Poultry Processing                                                                             ,13228.0,36.0,0.0,0.0,7.0,1.0,0.0,14.29,0.0,both
P39,Pine Manor Inc.                                                                                     ,2477.0,530.0,0.0,0.0,113.0,15.0,0.0,13.27,0.0,both
P39915+V39915,"LOCUST POINT FARMS, LLC                                                                             ",13936.0,212.0,0.0,0.0,72.0,38.0,0.0,52.78,0.0,both
P40,Pilgrim's Pride Corporation                                                                         ,3.0,458.0,0.0,0.0,117.0,12.0,0.0,10.26,0.0,both
P40124,,,,,,44.0,1.0,0.0,2.27,0.0,right_only
P40183,"Sanderson Farms, Inc.                                                                               ",13729.0,526.0,0.0,0.0,108.0,8.0,0.0,7.41,0.0,both
P40345,Misty Lea Farm Poultry Processing                                                                   ,13933.0,93.0,0.0,0.0,37.0,8.0,0.0,21.62,0.0,both
P419,"Case Farms Processing, Inc.                                                                         ",577.0,511.0,0.0,0.0,109.0,3.0,0.0,2.75,0.0,both
P425+V425,"Northern Pride, Inc.                                                                                ",2964.0,148.0,0.0,1.0,15.0,0.0,0.0,0.0,0.0,both
P44097,,,,,,39.0,4.0,0.0,10.26,0.0,right_only
P445,"Wayne Farms, LLC                                                                                    ",562.0,500.0,0.0,2.0,86.0,4.0,0.0,4.65,0.0,both
P44817,,,,,,23.0,1.0,0.0,4.35,0.0,right_only
P44826,Case Farms Processing                                                                               ,123397.0,661.0,0.0,1.0,99.0,2.0,0.0,2.02,0.0,both
P44935,,,,,,45.0,6.0,0.0,13.33,0.0,right_only
P44947,"Two Brothers for Wholesale Chicken, Inc.                                                            ",123823.0,414.0,0.0,0.0,,,,,,left_only
P44974+V44974,Goffle Road Poultry Farm                                                                            ,123881.0,126.0,0.0,0.0,30.0,5.0,0.0,16.67,0.0,both
P44992,Windy Meadows Family Farm                                                                           ,123917.0,183.0,0.0,1.0,78.0,18.0,0.0,23.08,0.0,both
P45068,NY Livestock Market Inc.                                                                            ,124105.0,287.0,0.0,0.0,,,,,,left_only
P45131,"Farbest Foods, Inc.                                                                                 ",124228.0,273.0,0.0,0.0,23.0,0.0,0.0,0.0,0.0,both
P45342+V45342,"Munsell's Poultry Processing, LLC                                                                   ",126506.0,119.0,0.0,0.0,29.0,5.0,0.0,17.24,0.0,both
P45379,,,,,,39.0,10.0,0.0,25.64,0.0,right_only
P45483,"Peco Foods, Inc.                                                                                    ",127044.0,468.0,0.0,0.0,110.0,2.0,0.0,1.82,0.0,both
P45819,King and Sons Poultry Service Inc                                                                   ,6162377.0,166.0,0.0,0.0,39.0,4.0,0.0,10.26,0.0,both
P45910,"Sanderson Farms, Inc.                                                                               ",6162776.0,513.0,0.0,5.0,114.0,8.0,0.0,7.02,0.0,both
P45912,Feather Rd Poultry Processing                                                                       ,6162782.0,212.0,0.0,0.0,,,,,,left_only
P460+V460,Jaindl Turkey Sales Inc                                                                             ,6403.0,56.0,0.0,0.0,4.0,0.0,0.0,0.0,0.0,both
P46027,,,,,,24.0,2.0,0.0,8.33,0.0,right_only
P4602A,"NEW MARKET POULTRY, LLC                                                                             ",2314.0,250.0,0.0,8.0,41.0,4.0,0.0,9.76,0.0,both
P46091,"Ozark Mountain Poultry, Inc.                                                                        ",126027.0,512.0,0.0,0.0,109.0,3.0,0.0,2.75,0.0,both
P46166+V46166,Zem Zem Halal Poultry Processing LLC                                                                ,6163495.0,21.0,0.0,1.0,3.0,1.0,0.0,33.33,0.0,both
P46183,,,,,,20.0,1.0,0.0,5.0,0.0,right_only
P46213,Burgundy Pasture Poultry LLC                                                                        ,6163592.0,233.0,0.0,0.0,48.0,2.0,0.0,4.17,0.0,both
P46248A,Wabash Poultry Processing                                                                           ,6164268.0,108.0,0.0,0.0,21.0,20.0,0.0,95.24,0.0,both
P46338,,,,,,53.0,9.0,0.0,16.98,0.0,right_only
P46374,Sanderson Farms Processing Inc. Tyler Processing Division                                           ,6164030.0,919.0,1.0,0.0,105.0,4.0,0.0,3.81,0.0,both
P46379+V46379,,,,,,18.0,0.0,0.0,0.0,0.0,right_only
P46672,,,,,,23.0,0.0,0.0,0.0,0.0,right_only
P468,"Peco Foods, Inc.                                                                                    ",3852.0,490.0,1.0,0.0,109.0,2.0,0.0,1.83,0.0,both
P46826,SHENANDOAH VALLEY ORGANIC                                                                           ,126518.0,539.0,0.0,0.0,81.0,6.0,0.0,7.41,0.0,both
P46826A,,,,,,40.0,13.0,0.0,32.5,0.0,right_only
P46881,"Kelly Turkeys USA, LLC                                                                              ",6162067.0,5.0,0.0,0.0,,,,,,left_only
P46897,"IHSAN FARMS, IIC                                                                                    ",6162343.0,228.0,0.0,0.0,49.0,31.0,0.0,63.27,0.0,both
P46973,,,,,,16.0,5.0,0.0,31.25,0.0,right_only
P47016,"The Best Dressed Chicken, Inc.                                                                      ",6164918.0,530.0,0.0,0.0,79.0,7.0,0.0,8.86,0.0,both
P47227+V47227,Clean Chickens and Co.                                                                              ,6165247.0,12.0,0.0,0.0,,,,,,left_only
P47254,Shining Comb Poultry                                                                                ,6165288.0,97.0,0.0,0.0,30.0,5.0,0.0,16.67,0.0,both
P4734,New Lee's Live Poultry Market Inc.                                                                  ,1132.0,339.0,1.0,0.0,,,,,,left_only
P47394,Poultry Processing of Atlanta                                                                       ,6165520.0,73.0,0.0,0.0,12.0,1.0,0.0,8.33,0.0,both
P47591,,,,,,37.0,6.0,0.0,16.22,0.0,right_only
P476,Pilgrim's Pride Corporation                                                                         ,29.0,519.0,0.0,0.0,125.0,8.0,0.0,6.4,0.0,both
P47629,,,,,,60.0,7.0,0.0,11.67,0.0,right_only
P47671,,,,,,1.0,0.0,0.0,0.0,0.0,right_only
P47824,Regenerative Agriculture Alliance                                                                   ,6166271.0,87.0,0.0,0.0,9.0,7.0,0.0,77.78,0.0,both
P47981,,,,,,32.0,5.0,0.0,15.62,0.0,right_only
P481,"Tyson Foods, Inc.                                                                                   ",3853.0,257.0,0.0,0.0,65.0,7.0,0.0,10.77,0.0,both
P48304,Lincoln Premium Poultry                                                                             ,6163885.0,502.0,0.0,0.0,123.0,11.0,0.0,8.94,0.0,both
P48308,"J-Bar Poultry Processing, LLC                                                                       ",6163898.0,97.0,0.0,0.0,5.0,1.0,0.0,20.0,0.0,both
P48466,"Al-Kawthar Poultry, LLC                                                                             ",6164072.0,210.0,0.0,0.0,38.0,22.0,0.0,57.89,0.0,both
P48471,,,,,,24.0,1.0,0.0,4.17,0.0,right_only
P486,,,,,,48.0,5.0,0.0,10.42,0.0,right_only
P509,Koch Foods LLC                                                                                      ,4544.0,515.0,0.0,1.0,73.0,3.0,0.0,4.11,0.0,both
P510,House Of Raeford Farms                                                                              ,578.0,605.0,0.0,1.0,109.0,2.0,0.0,1.83,0.0,both
P511,"Butterball, LLC                                                                                     ",3854.0,450.0,0.0,8.0,22.0,0.0,0.0,0.0,0.0,both
P51179+V51179,"Sanderson Farms, Inc.                                                                               ",127006.0,486.0,0.0,0.0,106.0,2.0,0.0,1.89,0.0,both
P51228,Adams Turkey Farm                                                                                   ,6162340.0,75.0,0.0,0.0,2.0,2.0,0.0,100.0,0.0,both
P51345,,,,,,60.0,10.0,0.0,16.67,0.0,right_only
P517,Mar-Jac Poultry-MS                                                                                  ,4489.0,519.0,0.0,4.0,106.0,5.0,0.0,4.72,0.0,both
P519,Amick Farms LLC                                                                                     ,4505.0,537.0,0.0,1.0,111.0,3.0,0.0,2.7,0.0,both
P522,"Sanderson Farms, Inc. (Processing Div)                                                              ",4490.0,492.0,0.0,0.0,107.0,4.0,0.0,3.74,0.0,both
P529+V529,Pilgrim's Pride Corporation                                                                         ,6972.0,630.0,0.0,0.0,109.0,2.0,0.0,1.83,0.0,both
P533,Free Bird Chicken                                                                                   ,6390.0,513.0,0.0,1.0,,,,,,left_only
P533,"Table Trust Brands, LLC, DBA FreeBird                                                               ",6390.0,,,,34.0,2.0,0.0,5.88,0.0,right_only
P533A,,,,,,24.0,2.0,0.0,8.33,0.0,right_only
P548,"JCG  Foods of Alabama, LLC                                                                          ",4506.0,563.0,0.0,1.0,109.0,9.0,0.0,8.26,0.0,both
P559,"Tyson Foods, Inc.                                                                                   ",4491.0,398.0,0.0,0.0,108.0,4.0,0.0,3.7,0.0,both
P5787,Pilgrim's Pride Corporation                                                                         ,3870.0,444.0,0.0,0.0,75.0,3.0,0.0,4.0,0.0,both
P584,Pilgrim's Pride Corporation                                                                         ,4148.0,506.0,0.0,0.0,56.0,3.0,0.0,5.36,0.0,both
P5840,,,,,,53.0,6.0,0.0,11.32,0.0,right_only
P6058,Perdue Foods LLC                                                                                    ,6025.0,269.0,0.0,0.0,75.0,9.0,0.0,12.0,0.0,both
P607,,,,,,24.0,0.0,0.0,0.0,0.0,right_only
P6137A,"Foster Poultry Farms, LLC                                                                           ",5309.0,607.0,0.0,0.0,107.0,19.0,0.0,17.76,0.0,both
P6164A,"Foster Poultry Farms, LLC                                                                           ",6036.0,516.0,0.0,2.0,124.0,15.0,0.0,12.1,0.0,both
P622,"Tyson Foods, Inc.                                                                                   ",579.0,1234.0,0.0,0.0,104.0,6.0,0.0,5.77,0.0,both
P646,"JCG Foods of Georgia, LLC                                                                           ",32.0,502.0,0.0,0.0,102.0,2.0,0.0,1.96,0.0,both
P6504,"Peco Foods, Inc.                                                                                    ",4496.0,505.0,0.0,0.0,108.0,3.0,0.0,2.78,0.0,both
P6505,"Norman W. Fries, Inc.                                                                               ",72.0,600.0,0.0,0.0,115.0,6.0,0.0,5.22,0.0,both
P6510,"Peco Foods, Inc                                                                                     ",4512.0,497.0,0.0,0.0,110.0,4.0,0.0,3.64,0.0,both
P6519B,"Coastal Processing, LLC                                                                             ",6162090.0,245.0,0.0,0.0,37.0,0.0,0.0,0.0,0.0,both
P6529,"Koch Foods of  Montgomery, AL                                                                       ",4595.0,475.0,0.0,2.0,107.0,8.0,0.0,7.48,0.0,both
P6616+V6616,"Peco Foods, Inc.                                                                                    ",4513.0,500.0,0.0,0.0,107.0,5.0,0.0,4.67,0.0,both
P6638,Pilgrim's Pride Corporation                                                                         ,4514.0,463.0,0.0,1.0,100.0,6.0,0.0,6.0,0.0,both
P6651,Tyson Foods Inc.                                                                                    ,4499.0,538.0,0.0,1.0,113.0,6.0,0.0,5.31,0.0,both
P6666,"Koch Foods of Gadsden, LLC                                                                          ",4515.0,512.0,0.0,0.0,112.0,6.0,0.0,5.36,0.0,both
P6719+V6719,,,,,,19.0,0.0,0.0,0.0,0.0,right_only
P687,House of Raeford                                                                                    ,564.0,500.0,0.0,0.0,109.0,4.0,0.0,3.67,0.0,both
P7044,"Tyson Foods, Inc.                                                                                   ",4236.0,616.0,0.0,1.0,73.0,4.0,0.0,5.48,0.0,both
P705,Pilgrim's Pride Corporation                                                                         ,3856.0,542.0,0.0,0.0,105.0,3.0,0.0,2.86,0.0,both
P7085+V7085,"Tyson Foods, Inc                                                                                    ",3879.0,400.0,2.0,1.0,81.0,4.0,0.0,4.94,0.0,both
P7091,Pilgrim's Pride Corporation                                                                         ,4243.0,489.0,0.0,0.0,110.0,3.0,0.0,2.73,0.0,both
P7101,"Tyson Foods, Inc.                                                                                   ",3881.0,402.0,0.0,1.0,106.0,0.0,0.0,0.0,0.0,both
P7156+V7156,"Tyson Foods, Inc.                                                                                   ",3883.0,510.0,0.0,0.0,109.0,2.0,0.0,1.83,0.0,both
P7174,"Butterball, LLC                                                                                     ",3886.0,236.0,0.0,3.0,26.0,2.0,0.0,7.69,0.0,both
P72,"Tyson Foods, Inc                                                                                    ",3846.0,423.0,0.0,0.0,104.0,2.0,0.0,1.92,0.0,both
P7264+V7264,"Sanderson Farms, Inc.                                                                               ",3890.0,476.0,0.0,0.0,98.0,4.0,0.0,4.08,0.0,both
P727+V727,"Simmons Prepared Foods, Inc.                                                                        ",3543.0,490.0,0.0,1.0,96.0,3.0,0.0,3.12,0.0,both
P7342+V7342,Wayne Farms LLC                                                                                     ,4516.0,511.0,0.0,1.0,103.0,5.0,0.0,4.85,0.0,both
P7374,"To-Ricos, Ltd.                                                                                      ",133.0,239.0,0.0,0.0,48.0,3.0,0.0,6.25,0.0,both
P7485+V7485,Wayne Farms LLC                                                                                     ,4518.0,523.0,0.0,2.0,110.0,3.0,0.0,2.73,0.0,both
P7487,"Koch Foods, LLC                                                                                     ",4644.0,515.0,0.0,10.0,56.0,3.0,0.0,5.36,0.0,both
P758,"Tyson Foods, Inc                                                                                    ",4507.0,506.0,0.0,2.0,108.0,6.0,0.0,5.56,0.0,both
P7632,"Foster Poultry Farms, LLC                                                                           ",5333.0,553.0,0.0,0.0,107.0,11.0,0.0,10.28,0.0,both
P764,"Perdue Foods, LLC                                                                                   ",2250.0,504.0,0.0,0.0,81.0,4.0,0.0,4.94,0.0,both
P7669,"Turkey Valley Farms, Inc.                                                                           ",3431.0,218.0,0.0,2.0,40.0,1.0,0.0,2.5,0.0,both
P768+V768,"Tyson Foods, Inc.                                                                                   ",3841.0,427.0,0.0,7.0,95.0,3.0,0.0,3.16,0.0,both
P7769,"Farbest Foods, Inc.                                                                                 ",2643.0,531.0,0.0,1.0,23.0,0.0,0.0,0.0,0.0,both
P7903,"Perdue Foods, LLC                                                                                   ",2349.0,529.0,0.0,0.0,114.0,4.0,0.0,3.51,0.0,both
P7927,"AMICK FARMS, LLC                                                                                    ",2351.0,605.0,0.0,1.0,111.0,2.0,0.0,1.8,0.0,both
P794,"B&B Poultry Co., Inc.                                                                               ",847.0,237.0,0.0,2.0,80.0,16.0,0.0,20.0,0.0,both
P7987,Amick Farms LLC.                                                                                    ,672.0,471.0,0.0,0.0,,,,,,left_only
P7987,"Amick Farms, LLC                                                                                    ",672.0,,,,101.0,3.0,0.0,2.97,0.0,right_only
P806,"Tyson Foods, Inc.                                                                                   ",2251.0,527.0,0.0,1.0,113.0,8.0,0.0,7.08,0.0,both
P8107+V8107,Squab Producers Of California                                                                       ,5343.0,238.0,0.0,0.0,46.0,3.0,0.0,6.52,0.0,both
P824+V824,"Crescent Duck Farm, Inc.`                                                                           ",850.0,67.0,0.0,0.0,,,,,,left_only
P8289,"Reichardt Duck Farm, Inc.                                                                           ",5361.0,57.0,0.0,0.0,,,,,,left_only
P843,Pilgrim's Pride Corporation                                                                         ,566.0,726.0,0.0,0.0,108.0,3.0,0.0,2.78,0.0,both
P8437+V8437,Koch's Turkey Farm                                                                                  ,6563.0,224.0,0.0,0.0,,,,,,left_only
P8437+V8437,,,,,,47.0,1.0,0.0,2.13,0.0,right_only
P850,"PRESTAGE FOODS of SC, LLC                                                                           ",6166774.0,,,,20.0,1.0,0.0,5.0,0.0,right_only
P850,Turkey Coop Group                                                                                   ,6166774.0,197.0,0.0,0.0,,,,,,left_only
P855,Pilgrim's Pride Corporation                                                                         ,38.0,524.0,0.0,0.0,55.0,4.0,0.0,7.27,0.0,both
P855D,,,,,,55.0,5.0,0.0,9.09,0.0,right_only
P8895,,,,,,1.0,0.0,0.0,0.0,0.0,right_only
P890,"Peco Foods, Inc.                                                                                    ",4562.0,491.0,0.0,0.0,78.0,7.0,0.0,8.97,0.0,both
P9002,,,,,,1.0,0.0,0.0,0.0,0.0,right_only
P910,"Harrison Poultry, Inc.                                                                              ",39.0,505.0,0.0,0.0,106.0,2.0,0.0,1.89,0.0,both
P912,Wayne Farms LLC                                                                                     ,4493.0,507.0,0.0,0.0,102.0,4.0,0.0,3.92,0.0,both
P9181,,,,,,24.0,0.0,0.0,0.0,0.0,right_only
P9197,"Perdue Foods, LLC.                                                                                  ",696.0,518.0,0.0,0.0,123.0,8.0,0.0,6.5,0.0,both
P9332,Diestel Turkey Ranch                                                                                ,5400.0,144.0,0.0,0.0,16.0,0.0,0.0,0.0,0.0,both
P9332A,,,,,,44.0,8.0,0.0,18.18,0.0,right_only
P935,Allen Harim LLC                                                                                     ,2260.0,526.0,0.0,1.0,107.0,4.0,0.0,3.74,0.0,both
P9378+V9378,Baffoni's Poultry Farm Inc.                                                                         ,124559.0,231.0,0.0,0.0,26.0,7.0,0.0,26.92,0.0,both
P961,Cargill Meat Solutions                                                                              ,3545.0,225.0,0.0,0.0,28.0,0.0,0.0,0.0,0.0,both
P9897,New Stockton Poultry                                                                                ,5413.0,267.0,0.0,0.0,,,,,,left_only
P9917,,,,,,22.0,1.0,0.0,4.55,0.0,right_only
